[{"model": "admin.logentry", "pk": 1, "fields": {"action_time": "2022-02-07T11:44:59.088Z", "user": 1, "content_type": 4, "object_id": "2", "object_repr": "andrija", "action_flag": 1, "change_message": "[{\"added\": {}}]"}}, {"model": "admin.logentry", "pk": 2, "fields": {"action_time": "2022-02-07T11:46:34.033Z", "user": 1, "content_type": 4, "object_id": "2", "object_repr": "andrija", "action_flag": 2, "change_message": "[{\"changed\": {\"fields\": [\"First name\", \"Last name\", \"Staff status\", \"Superuser status\"]}}]"}}, {"model": "admin.logentry", "pk": 3, "fields": {"action_time": "2022-02-07T11:49:07.414Z", "user": 1, "content_type": 3, "object_id": "1", "object_repr": "employee", "action_flag": 1, "change_message": "[{\"added\": {}}]"}}, {"model": "admin.logentry", "pk": 4, "fields": {"action_time": "2022-02-07T17:26:26.826Z", "user": 1, "content_type": 7, "object_id": "1", "object_repr": "Client object (1)", "action_flag": 1, "change_message": "[{\"added\": {}}]"}}, {"model": "admin.logentry", "pk": 5, "fields": {"action_time": "2022-02-07T19:06:38.234Z", "user": 1, "content_type": 8, "object_id": "1", "object_repr": "Account object (1)", "action_flag": 1, "change_message": "[{\"added\": {}}]"}}, {"model": "admin.logentry", "pk": 6, "fields": {"action_time": "2022-02-08T02:37:00.932Z", "user": 1, "content_type": 9, "object_id": "1", "object_repr": "Employee object (1)", "action_flag": 1, "change_message": "[{\"added\": {}}]"}}, {"model": "admin.logentry", "pk": 7, "fields": {"action_time": "2022-02-08T02:38:11.022Z", "user": 1, "content_type": 10, "object_id": "1", "object_repr": "Psychologist object (1)", "action_flag": 1, "change_message": "[{\"added\": {}}]"}}, {"model": "admin.logentry", "pk": 8, "fields": {"action_time": "2022-02-08T09:56:27.144Z", "user": 1, "content_type": 4, "object_id": "3", "object_repr": "Milos", "action_flag": 1, "change_message": "[{\"added\": {}}]"}}, {"model": "admin.logentry", "pk": 9, "fields": {"action_time": "2022-02-08T09:58:26.655Z", "user": 1, "content_type": 4, "object_id": "3", "object_repr": "Milos", "action_flag": 2, "change_message": "[]"}}, {"model": "admin.logentry", "pk": 10, "fields": {"action_time": "2022-02-11T18:59:12.494Z", "user": 1, "content_type": 4, "object_id": "5", "object_repr": "drasko95", "action_flag": 3, "change_message": ""}}, {"model": "admin.logentry", "pk": 11, "fields": {"action_time": "2022-02-11T18:59:12.508Z", "user": 1, "content_type": 4, "object_id": "6", "object_repr": "ivo", "action_flag": 3, "change_message": ""}}, {"model": "admin.logentry", "pk": 12, "fields": {"action_time": "2022-02-16T08:40:24.688Z", "user": 1, "content_type": 4, "object_id": "8", "object_repr": "dex", "action_flag": 3, "change_message": ""}}, {"model": "admin.logentry", "pk": 13, "fields": {"action_time": "2022-02-16T08:57:02.109Z", "user": 1, "content_type": 4, "object_id": "9", "object_repr": "dex", "action_flag": 3, "change_message": ""}}, {"model": "admin.logentry", "pk": 14, "fields": {"action_time": "2022-02-16T14:37:29.345Z", "user": 1, "content_type": 4, "object_id": "10", "object_repr": "dex", "action_flag": 3, "change_message": ""}}, {"model": "admin.logentry", "pk": 15, "fields": {"action_time": "2022-02-16T14:40:27.650Z", "user": 1, "content_type": 4, "object_id": "11", "object_repr": "dex", "action_flag": 3, "change_message": ""}}, {"model": "admin.logentry", "pk": 16, "fields": {"action_time": "2022-02-16T14:42:23.395Z", "user": 1, "content_type": 4, "object_id": "12", "object_repr": "dex", "action_flag": 3, "change_message": ""}}, {"model": "admin.logentry", "pk": 17, "fields": {"action_time": "2022-02-16T15:37:17.198Z", "user": 1, "content_type": 4, "object_id": "13", "object_repr": "dex", "action_flag": 3, "change_message": ""}}, {"model": "admin.logentry", "pk": 18, "fields": {"action_time": "2022-02-16T15:38:48.781Z", "user": 1, "content_type": 4, "object_id": "14", "object_repr": "dex", "action_flag": 3, "change_message": ""}}, {"model": "admin.logentry", "pk": 19, "fields": {"action_time": "2022-02-16T19:32:42.386Z", "user": 1, "content_type": 4, "object_id": "15", "object_repr": "dex", "action_flag": 3, "change_message": ""}}, {"model": "admin.logentry", "pk": 20, "fields": {"action_time": "2022-02-16T19:39:08.407Z", "user": 1, "content_type": 4, "object_id": "16", "object_repr": "dex", "action_flag": 3, "change_message": ""}}, {"model": "admin.logentry", "pk": 21, "fields": {"action_time": "2022-02-17T15:32:54.949Z", "user": 1, "content_type": 4, "object_id": "17", "object_repr": "dex", "action_flag": 3, "change_message": ""}}, {"model": "admin.logentry", "pk": 22, "fields": {"action_time": "2022-02-18T17:24:51.805Z", "user": 1, "content_type": 4, "object_id": "18", "object_repr": "dex", "action_flag": 3, "change_message": ""}}, {"model": "admin.logentry", "pk": 23, "fields": {"action_time": "2022-02-18T22:00:01.566Z", "user": 1, "content_type": 4, "object_id": "19", "object_repr": "dex", "action_flag": 3, "change_message": ""}}, {"model": "admin.logentry", "pk": 24, "fields": {"action_time": "2022-02-18T22:55:09.559Z", "user": 1, "content_type": 4, "object_id": "20", "object_repr": "dex", "action_flag": 3, "change_message": ""}}, {"model": "admin.logentry", "pk": 25, "fields": {"action_time": "2022-02-19T13:54:25.840Z", "user": 1, "content_type": 4, "object_id": "21", "object_repr": "dex", "action_flag": 3, "change_message": ""}}, {"model": "admin.logentry", "pk": 26, "fields": {"action_time": "2022-02-19T13:54:46.624Z", "user": 1, "content_type": 7, "object_id": "1", "object_repr": "Client object (1)", "action_flag": 3, "change_message": ""}}, {"model": "admin.logentry", "pk": 27, "fields": {"action_time": "2022-02-19T13:57:20.747Z", "user": 1, "content_type": 4, "object_id": "22", "object_repr": "dex", "action_flag": 3, "change_message": ""}}, {"model": "admin.logentry", "pk": 28, "fields": {"action_time": "2022-02-19T14:03:46.137Z", "user": 1, "content_type": 4, "object_id": "23", "object_repr": "dex", "action_flag": 3, "change_message": ""}}, {"model": "admin.logentry", "pk": 29, "fields": {"action_time": "2022-02-19T14:07:05.899Z", "user": 1, "content_type": 4, "object_id": "24", "object_repr": "dex", "action_flag": 3, "change_message": ""}}, {"model": "admin.logentry", "pk": 30, "fields": {"action_time": "2022-02-19T23:35:46.647Z", "user": 1, "content_type": 4, "object_id": "25", "object_repr": "dex", "action_flag": 3, "change_message": ""}}, {"model": "admin.logentry", "pk": 31, "fields": {"action_time": "2022-02-20T00:00:59.747Z", "user": 1, "content_type": 4, "object_id": "26", "object_repr": "dex", "action_flag": 3, "change_message": ""}}, {"model": "admin.logentry", "pk": 32, "fields": {"action_time": "2022-02-20T00:07:36.551Z", "user": 1, "content_type": 4, "object_id": "27", "object_repr": "dex", "action_flag": 3, "change_message": ""}}, {"model": "admin.logentry", "pk": 33, "fields": {"action_time": "2022-02-20T03:29:39.356Z", "user": 1, "content_type": 4, "object_id": "29", "object_repr": "deujbhjx", "action_flag": 3, "change_message": ""}}, {"model": "admin.logentry", "pk": 34, "fields": {"action_time": "2022-02-20T03:29:39.375Z", "user": 1, "content_type": 4, "object_id": "28", "object_repr": "dex", "action_flag": 3, "change_message": ""}}, {"model": "admin.logentry", "pk": 35, "fields": {"action_time": "2022-02-20T03:33:47.763Z", "user": 1, "content_type": 4, "object_id": "30", "object_repr": "dex", "action_flag": 3, "change_message": ""}}, {"model": "admin.logentry", "pk": 36, "fields": {"action_time": "2022-02-20T03:37:24.742Z", "user": 1, "content_type": 4, "object_id": "31", "object_repr": "dex", "action_flag": 3, "change_message": ""}}, {"model": "admin.logentry", "pk": 37, "fields": {"action_time": "2022-02-20T14:08:20.129Z", "user": 1, "content_type": 4, "object_id": "32", "object_repr": "dex", "action_flag": 3, "change_message": ""}}, {"model": "admin.logentry", "pk": 38, "fields": {"action_time": "2022-02-20T14:16:42.890Z", "user": 1, "content_type": 4, "object_id": "33", "object_repr": "dex", "action_flag": 3, "change_message": ""}}, {"model": "admin.logentry", "pk": 39, "fields": {"action_time": "2022-02-20T14:25:04.673Z", "user": 1, "content_type": 4, "object_id": "34", "object_repr": "dex", "action_flag": 3, "change_message": ""}}, {"model": "admin.logentry", "pk": 40, "fields": {"action_time": "2022-02-20T14:26:21.043Z", "user": 1, "content_type": 4, "object_id": "35", "object_repr": "dex", "action_flag": 3, "change_message": ""}}, {"model": "admin.logentry", "pk": 41, "fields": {"action_time": "2022-02-20T14:29:51.754Z", "user": 1, "content_type": 4, "object_id": "36", "object_repr": "dex", "action_flag": 3, "change_message": ""}}, {"model": "admin.logentry", "pk": 42, "fields": {"action_time": "2022-02-20T14:40:51.750Z", "user": 1, "content_type": 4, "object_id": "37", "object_repr": "dex", "action_flag": 3, "change_message": ""}}, {"model": "admin.logentry", "pk": 43, "fields": {"action_time": "2022-02-20T15:49:58.187Z", "user": 1, "content_type": 4, "object_id": "38", "object_repr": "dex", "action_flag": 3, "change_message": ""}}, {"model": "admin.logentry", "pk": 44, "fields": {"action_time": "2022-02-22T13:53:01.173Z", "user": 1, "content_type": 4, "object_id": "39", "object_repr": "dex", "action_flag": 3, "change_message": ""}}, {"model": "admin.logentry", "pk": 45, "fields": {"action_time": "2022-02-22T13:53:01.197Z", "user": 1, "content_type": 4, "object_id": "40", "object_repr": "dexegtr", "action_flag": 3, "change_message": ""}}, {"model": "admin.logentry", "pk": 46, "fields": {"action_time": "2022-02-22T14:22:23.613Z", "user": 1, "content_type": 4, "object_id": "4", "object_repr": "jovan", "action_flag": 2, "change_message": "[{\"changed\": {\"fields\": [\"Staff status\"]}}]"}}, {"model": "admin.logentry", "pk": 47, "fields": {"action_time": "2022-02-23T16:52:49.004Z", "user": 1, "content_type": 7, "object_id": "26", "object_repr": "Client object (26)", "action_flag": 2, "change_message": "[{\"changed\": {\"fields\": [\"Is verified\"]}}]"}}, {"model": "admin.logentry", "pk": 48, "fields": {"action_time": "2022-02-23T16:52:56.548Z", "user": 1, "content_type": 7, "object_id": "25", "object_repr": "Client object (25)", "action_flag": 2, "change_message": "[{\"changed\": {\"fields\": [\"Is verified\"]}}]"}}, {"model": "admin.logentry", "pk": 49, "fields": {"action_time": "2022-02-23T16:53:05.330Z", "user": 1, "content_type": 7, "object_id": "24", "object_repr": "Client object (24)", "action_flag": 2, "change_message": "[{\"changed\": {\"fields\": [\"Is verified\"]}}]"}}, {"model": "admin.logentry", "pk": 50, "fields": {"action_time": "2022-02-23T16:53:11.741Z", "user": 1, "content_type": 7, "object_id": "23", "object_repr": "Client object (23)", "action_flag": 2, "change_message": "[{\"changed\": {\"fields\": [\"Is verified\"]}}]"}}, {"model": "admin.logentry", "pk": 51, "fields": {"action_time": "2022-02-23T16:53:52.839Z", "user": 1, "content_type": 16, "object_id": "1", "object_repr": "Schedule object (1)", "action_flag": 1, "change_message": "[{\"added\": {}}]"}}, {"model": "admin.logentry", "pk": 52, "fields": {"action_time": "2022-02-23T16:54:13.725Z", "user": 1, "content_type": 16, "object_id": "2", "object_repr": "Schedule object (2)", "action_flag": 1, "change_message": "[{\"added\": {}}]"}}, {"model": "admin.logentry", "pk": 53, "fields": {"action_time": "2022-02-23T16:54:24.551Z", "user": 1, "content_type": 16, "object_id": "3", "object_repr": "Schedule object (3)", "action_flag": 1, "change_message": "[{\"added\": {}}]"}}, {"model": "admin.logentry", "pk": 54, "fields": {"action_time": "2022-02-23T16:55:36.715Z", "user": 1, "content_type": 16, "object_id": "4", "object_repr": "Schedule object (4)", "action_flag": 1, "change_message": "[{\"added\": {}}]"}}, {"model": "admin.logentry", "pk": 55, "fields": {"action_time": "2022-02-23T16:55:49.420Z", "user": 1, "content_type": 16, "object_id": "5", "object_repr": "Schedule object (5)", "action_flag": 1, "change_message": "[{\"added\": {}}]"}}, {"model": "admin.logentry", "pk": 56, "fields": {"action_time": "2022-02-23T16:56:04.990Z", "user": 1, "content_type": 16, "object_id": "6", "object_repr": "Schedule object (6)", "action_flag": 1, "change_message": "[{\"added\": {}}]"}}, {"model": "admin.logentry", "pk": 57, "fields": {"action_time": "2022-02-23T16:56:17.532Z", "user": 1, "content_type": 16, "object_id": "7", "object_repr": "Schedule object (7)", "action_flag": 1, "change_message": "[{\"added\": {}}]"}}, {"model": "admin.logentry", "pk": 58, "fields": {"action_time": "2022-02-23T16:56:31.644Z", "user": 1, "content_type": 16, "object_id": "8", "object_repr": "Schedule object (8)", "action_flag": 1, "change_message": "[{\"added\": {}}]"}}, {"model": "admin.logentry", "pk": 59, "fields": {"action_time": "2022-02-27T13:52:37.996Z", "user": 1, "content_type": 19, "object_id": "1", "object_repr": "ConfirmationStatus object (1)", "action_flag": 1, "change_message": "[{\"added\": {}}]"}}, {"model": "admin.logentry", "pk": 60, "fields": {"action_time": "2022-02-27T13:52:55.158Z", "user": 1, "content_type": 19, "object_id": "2", "object_repr": "ConfirmationStatus object (2)", "action_flag": 1, "change_message": "[{\"added\": {}}]"}}, {"model": "admin.logentry", "pk": 61, "fields": {"action_time": "2022-02-27T13:53:21.291Z", "user": 1, "content_type": 19, "object_id": "3", "object_repr": "ConfirmationStatus object (3)", "action_flag": 1, "change_message": "[{\"added\": {}}]"}}, {"model": "admin.logentry", "pk": 62, "fields": {"action_time": "2022-02-27T14:00:55.087Z", "user": 1, "content_type": 16, "object_id": "1", "object_repr": "Schedule object (1)", "action_flag": 1, "change_message": "[{\"added\": {}}]"}}, {"model": "admin.logentry", "pk": 63, "fields": {"action_time": "2022-02-27T14:01:03.083Z", "user": 1, "content_type": 16, "object_id": "2", "object_repr": "Schedule object (2)", "action_flag": 1, "change_message": "[{\"added\": {}}]"}}, {"model": "admin.logentry", "pk": 64, "fields": {"action_time": "2022-02-27T14:01:11.064Z", "user": 1, "content_type": 16, "object_id": "3", "object_repr": "Schedule object (3)", "action_flag": 1, "change_message": "[{\"added\": {}}]"}}, {"model": "admin.logentry", "pk": 65, "fields": {"action_time": "2022-02-27T14:01:18.468Z", "user": 1, "content_type": 16, "object_id": "4", "object_repr": "Schedule object (4)", "action_flag": 1, "change_message": "[{\"added\": {}}]"}}, {"model": "admin.logentry", "pk": 66, "fields": {"action_time": "2022-02-27T14:01:33.137Z", "user": 1, "content_type": 16, "object_id": "5", "object_repr": "Schedule object (5)", "action_flag": 1, "change_message": "[{\"added\": {}}]"}}, {"model": "admin.logentry", "pk": 67, "fields": {"action_time": "2022-02-27T14:01:41.571Z", "user": 1, "content_type": 16, "object_id": "6", "object_repr": "Schedule object (6)", "action_flag": 1, "change_message": "[{\"added\": {}}]"}}, {"model": "admin.logentry", "pk": 68, "fields": {"action_time": "2022-02-27T14:01:51.061Z", "user": 1, "content_type": 16, "object_id": "7", "object_repr": "Schedule object (7)", "action_flag": 1, "change_message": "[{\"added\": {}}]"}}, {"model": "admin.logentry", "pk": 69, "fields": {"action_time": "2022-02-27T14:02:08.436Z", "user": 1, "content_type": 16, "object_id": "8", "object_repr": "Schedule object (8)", "action_flag": 1, "change_message": "[{\"added\": {}}]"}}, {"model": "admin.logentry", "pk": 70, "fields": {"action_time": "2022-02-27T14:11:18.991Z", "user": 1, "content_type": 18, "object_id": "1", "object_repr": "GoesTo object (1)", "action_flag": 1, "change_message": "[{\"added\": {}}]"}}, {"model": "admin.logentry", "pk": 71, "fields": {"action_time": "2022-02-27T18:25:02.076Z", "user": 1, "content_type": 15, "object_id": "6", "object_repr": "Therapy object (6)", "action_flag": 3, "change_message": ""}}, {"model": "admin.logentry", "pk": 72, "fields": {"action_time": "2022-02-27T18:25:02.098Z", "user": 1, "content_type": 15, "object_id": "5", "object_repr": "Therapy object (5)", "action_flag": 3, "change_message": ""}}, {"model": "admin.logentry", "pk": 73, "fields": {"action_time": "2022-02-27T18:25:02.119Z", "user": 1, "content_type": 15, "object_id": "4", "object_repr": "Therapy object (4)", "action_flag": 3, "change_message": ""}}, {"model": "admin.logentry", "pk": 74, "fields": {"action_time": "2022-02-27T18:25:02.132Z", "user": 1, "content_type": 15, "object_id": "3", "object_repr": "Therapy object (3)", "action_flag": 3, "change_message": ""}}, {"model": "admin.logentry", "pk": 75, "fields": {"action_time": "2022-02-27T18:25:02.155Z", "user": 1, "content_type": 15, "object_id": "2", "object_repr": "Therapy object (2)", "action_flag": 3, "change_message": ""}}, {"model": "admin.logentry", "pk": 76, "fields": {"action_time": "2022-02-27T18:25:02.173Z", "user": 1, "content_type": 15, "object_id": "1", "object_repr": "Therapy object (1)", "action_flag": 3, "change_message": ""}}, {"model": "admin.logentry", "pk": 77, "fields": {"action_time": "2022-02-28T00:49:43.344Z", "user": 1, "content_type": 17, "object_id": "1", "object_repr": "Fullcalendar object (1)", "action_flag": 2, "change_message": "[{\"changed\": {\"fields\": [\"Confirmation id\"]}}]"}}, {"model": "admin.logentry", "pk": 78, "fields": {"action_time": "2022-02-28T20:17:40.588Z", "user": 1, "content_type": 16, "object_id": "1", "object_repr": "WorkingHours object (1)", "action_flag": 1, "change_message": "[{\"added\": {}}]"}}, {"model": "admin.logentry", "pk": 79, "fields": {"action_time": "2022-02-28T20:17:48.221Z", "user": 1, "content_type": 16, "object_id": "2", "object_repr": "WorkingHours object (2)", "action_flag": 1, "change_message": "[{\"added\": {}}]"}}, {"model": "admin.logentry", "pk": 80, "fields": {"action_time": "2022-02-28T20:17:54.255Z", "user": 1, "content_type": 16, "object_id": "3", "object_repr": "WorkingHours object (3)", "action_flag": 1, "change_message": "[{\"added\": {}}]"}}, {"model": "admin.logentry", "pk": 81, "fields": {"action_time": "2022-02-28T20:18:04.510Z", "user": 1, "content_type": 16, "object_id": "4", "object_repr": "WorkingHours object (4)", "action_flag": 1, "change_message": "[{\"added\": {}}]"}}, {"model": "admin.logentry", "pk": 82, "fields": {"action_time": "2022-02-28T20:18:14.468Z", "user": 1, "content_type": 16, "object_id": "5", "object_repr": "WorkingHours object (5)", "action_flag": 1, "change_message": "[{\"added\": {}}]"}}, {"model": "admin.logentry", "pk": 83, "fields": {"action_time": "2022-02-28T20:18:21.521Z", "user": 1, "content_type": 16, "object_id": "6", "object_repr": "WorkingHours object (6)", "action_flag": 1, "change_message": "[{\"added\": {}}]"}}, {"model": "admin.logentry", "pk": 84, "fields": {"action_time": "2022-02-28T20:18:35.905Z", "user": 1, "content_type": 16, "object_id": "7", "object_repr": "WorkingHours object (7)", "action_flag": 1, "change_message": "[{\"added\": {}}]"}}, {"model": "admin.logentry", "pk": 85, "fields": {"action_time": "2022-02-28T20:18:45.189Z", "user": 1, "content_type": 16, "object_id": "8", "object_repr": "WorkingHours object (8)", "action_flag": 1, "change_message": "[{\"added\": {}}]"}}, {"model": "admin.logentry", "pk": 86, "fields": {"action_time": "2022-02-28T20:18:55.965Z", "user": 1, "content_type": 19, "object_id": "1", "object_repr": "ConfirmationStatus object (1)", "action_flag": 1, "change_message": "[{\"added\": {}}]"}}, {"model": "admin.logentry", "pk": 87, "fields": {"action_time": "2022-02-28T20:19:05.620Z", "user": 1, "content_type": 19, "object_id": "2", "object_repr": "ConfirmationStatus object (2)", "action_flag": 1, "change_message": "[{\"added\": {}}]"}}, {"model": "admin.logentry", "pk": 88, "fields": {"action_time": "2022-02-28T20:19:13.184Z", "user": 1, "content_type": 19, "object_id": "3", "object_repr": "ConfirmationStatus object (3)", "action_flag": 1, "change_message": "[{\"added\": {}}]"}}, {"model": "admin.logentry", "pk": 89, "fields": {"action_time": "2022-03-01T00:22:00.795Z", "user": 1, "content_type": 16, "object_id": "1", "object_repr": "WorkingHours object (1)", "action_flag": 1, "change_message": "[{\"added\": {}}]"}}, {"model": "admin.logentry", "pk": 90, "fields": {"action_time": "2022-03-01T00:22:17.572Z", "user": 1, "content_type": 16, "object_id": "2", "object_repr": "WorkingHours object (2)", "action_flag": 1, "change_message": "[{\"added\": {}}]"}}, {"model": "admin.logentry", "pk": 91, "fields": {"action_time": "2022-03-01T00:22:25.017Z", "user": 1, "content_type": 16, "object_id": "3", "object_repr": "WorkingHours object (3)", "action_flag": 1, "change_message": "[{\"added\": {}}]"}}, {"model": "admin.logentry", "pk": 92, "fields": {"action_time": "2022-03-01T00:22:29.316Z", "user": 1, "content_type": 16, "object_id": "4", "object_repr": "WorkingHours object (4)", "action_flag": 1, "change_message": "[{\"added\": {}}]"}}, {"model": "admin.logentry", "pk": 93, "fields": {"action_time": "2022-03-01T00:22:33.698Z", "user": 1, "content_type": 16, "object_id": "5", "object_repr": "WorkingHours object (5)", "action_flag": 1, "change_message": "[{\"added\": {}}]"}}, {"model": "admin.logentry", "pk": 94, "fields": {"action_time": "2022-03-01T00:22:38.195Z", "user": 1, "content_type": 16, "object_id": "6", "object_repr": "WorkingHours object (6)", "action_flag": 1, "change_message": "[{\"added\": {}}]"}}, {"model": "admin.logentry", "pk": 95, "fields": {"action_time": "2022-03-01T00:22:47.922Z", "user": 1, "content_type": 16, "object_id": "7", "object_repr": "WorkingHours object (7)", "action_flag": 1, "change_message": "[{\"added\": {}}]"}}, {"model": "admin.logentry", "pk": 96, "fields": {"action_time": "2022-03-01T00:22:52.791Z", "user": 1, "content_type": 16, "object_id": "8", "object_repr": "WorkingHours object (8)", "action_flag": 1, "change_message": "[{\"added\": {}}]"}}, {"model": "admin.logentry", "pk": 97, "fields": {"action_time": "2022-03-01T00:23:08.521Z", "user": 1, "content_type": 19, "object_id": "1", "object_repr": "ConfirmationStatus object (1)", "action_flag": 1, "change_message": "[{\"added\": {}}]"}}, {"model": "admin.logentry", "pk": 98, "fields": {"action_time": "2022-03-01T00:23:17.788Z", "user": 1, "content_type": 19, "object_id": "2", "object_repr": "ConfirmationStatus object (2)", "action_flag": 1, "change_message": "[{\"added\": {}}]"}}, {"model": "admin.logentry", "pk": 99, "fields": {"action_time": "2022-03-01T00:23:24.410Z", "user": 1, "content_type": 19, "object_id": "3", "object_repr": "ConfirmationStatus object (3)", "action_flag": 1, "change_message": "[{\"added\": {}}]"}}, {"model": "admin.logentry", "pk": 100, "fields": {"action_time": "2022-03-05T01:23:01.896Z", "user": 1, "content_type": 4, "object_id": "41", "object_repr": "dex", "action_flag": 3, "change_message": ""}}, {"model": "admin.logentry", "pk": 101, "fields": {"action_time": "2022-03-05T01:23:01.907Z", "user": 1, "content_type": 4, "object_id": "46", "object_repr": "ewfv", "action_flag": 3, "change_message": ""}}, {"model": "admin.logentry", "pk": 102, "fields": {"action_time": "2022-03-05T01:23:01.914Z", "user": 1, "content_type": 4, "object_id": "49", "object_repr": "miki", "action_flag": 3, "change_message": ""}}, {"model": "admin.logentry", "pk": 103, "fields": {"action_time": "2022-03-05T01:23:01.920Z", "user": 1, "content_type": 4, "object_id": "47", "object_repr": "miro", "action_flag": 3, "change_message": ""}}, {"model": "admin.logentry", "pk": 104, "fields": {"action_time": "2022-03-05T01:23:01.929Z", "user": 1, "content_type": 4, "object_id": "50", "object_repr": "mivfv", "action_flag": 3, "change_message": ""}}, {"model": "admin.logentry", "pk": 105, "fields": {"action_time": "2022-03-05T01:33:07.324Z", "user": 1, "content_type": 4, "object_id": "51", "object_repr": "dex", "action_flag": 3, "change_message": ""}}, {"model": "admin.logentry", "pk": 106, "fields": {"action_time": "2022-03-06T02:38:32.605Z", "user": 1, "content_type": 22, "object_id": "1", "object_repr": "Symptom object (1)", "action_flag": 1, "change_message": "[{\"added\": {}}]"}}, {"model": "admin.logentry", "pk": 107, "fields": {"action_time": "2022-03-06T02:38:41.436Z", "user": 1, "content_type": 22, "object_id": "2", "object_repr": "Symptom object (2)", "action_flag": 1, "change_message": "[{\"added\": {}}]"}}, {"model": "admin.logentry", "pk": 108, "fields": {"action_time": "2022-03-06T02:38:54.044Z", "user": 1, "content_type": 22, "object_id": "3", "object_repr": "Symptom object (3)", "action_flag": 1, "change_message": "[{\"added\": {}}]"}}, {"model": "admin.logentry", "pk": 109, "fields": {"action_time": "2022-03-06T02:39:03.424Z", "user": 1, "content_type": 22, "object_id": "4", "object_repr": "Symptom object (4)", "action_flag": 1, "change_message": "[{\"added\": {}}]"}}, {"model": "admin.logentry", "pk": 110, "fields": {"action_time": "2022-03-06T02:39:34.220Z", "user": 1, "content_type": 22, "object_id": "5", "object_repr": "Symptom object (5)", "action_flag": 1, "change_message": "[{\"added\": {}}]"}}, {"model": "admin.logentry", "pk": 111, "fields": {"action_time": "2022-03-06T02:40:55.200Z", "user": 1, "content_type": 18, "object_id": "4", "object_repr": "GoesTo object (4)", "action_flag": 1, "change_message": "[{\"added\": {}}]"}}, {"model": "admin.logentry", "pk": 112, "fields": {"action_time": "2022-03-06T02:41:15.965Z", "user": 1, "content_type": 20, "object_id": "4", "object_repr": "Feel object (4)", "action_flag": 1, "change_message": "[{\"added\": {}}]"}}, {"model": "admin.logentry", "pk": 113, "fields": {"action_time": "2022-03-06T02:41:24.502Z", "user": 1, "content_type": 20, "object_id": "5", "object_repr": "Feel object (5)", "action_flag": 1, "change_message": "[{\"added\": {}}]"}}, {"model": "admin.logentry", "pk": 114, "fields": {"action_time": "2022-03-06T02:43:45.731Z", "user": 1, "content_type": 4, "object_id": "7", "object_repr": "ivona", "action_flag": 2, "change_message": "[{\"changed\": {\"fields\": [\"Staff status\"]}}]"}}, {"model": "auth.permission", "pk": 1, "fields": {"name": "Can add log entry", "content_type": 1, "codename": "add_logentry"}}, {"model": "auth.permission", "pk": 2, "fields": {"name": "Can change log entry", "content_type": 1, "codename": "change_logentry"}}, {"model": "auth.permission", "pk": 3, "fields": {"name": "Can delete log entry", "content_type": 1, "codename": "delete_logentry"}}, {"model": "auth.permission", "pk": 4, "fields": {"name": "Can view log entry", "content_type": 1, "codename": "view_logentry"}}, {"model": "auth.permission", "pk": 5, "fields": {"name": "Can add permission", "content_type": 2, "codename": "add_permission"}}, {"model": "auth.permission", "pk": 6, "fields": {"name": "Can change permission", "content_type": 2, "codename": "change_permission"}}, {"model": "auth.permission", "pk": 7, "fields": {"name": "Can delete permission", "content_type": 2, "codename": "delete_permission"}}, {"model": "auth.permission", "pk": 8, "fields": {"name": "Can view permission", "content_type": 2, "codename": "view_permission"}}, {"model": "auth.permission", "pk": 9, "fields": {"name": "Can add group", "content_type": 3, "codename": "add_group"}}, {"model": "auth.permission", "pk": 10, "fields": {"name": "Can change group", "content_type": 3, "codename": "change_group"}}, {"model": "auth.permission", "pk": 11, "fields": {"name": "Can delete group", "content_type": 3, "codename": "delete_group"}}, {"model": "auth.permission", "pk": 12, "fields": {"name": "Can view group", "content_type": 3, "codename": "view_group"}}, {"model": "auth.permission", "pk": 13, "fields": {"name": "Can add user", "content_type": 4, "codename": "add_user"}}, {"model": "auth.permission", "pk": 14, "fields": {"name": "Can change user", "content_type": 4, "codename": "change_user"}}, {"model": "auth.permission", "pk": 15, "fields": {"name": "Can delete user", "content_type": 4, "codename": "delete_user"}}, {"model": "auth.permission", "pk": 16, "fields": {"name": "Can view user", "content_type": 4, "codename": "view_user"}}, {"model": "auth.permission", "pk": 17, "fields": {"name": "Can add content type", "content_type": 5, "codename": "add_contenttype"}}, {"model": "auth.permission", "pk": 18, "fields": {"name": "Can change content type", "content_type": 5, "codename": "change_contenttype"}}, {"model": "auth.permission", "pk": 19, "fields": {"name": "Can delete content type", "content_type": 5, "codename": "delete_contenttype"}}, {"model": "auth.permission", "pk": 20, "fields": {"name": "Can view content type", "content_type": 5, "codename": "view_contenttype"}}, {"model": "auth.permission", "pk": 21, "fields": {"name": "Can add session", "content_type": 6, "codename": "add_session"}}, {"model": "auth.permission", "pk": 22, "fields": {"name": "Can change session", "content_type": 6, "codename": "change_session"}}, {"model": "auth.permission", "pk": 23, "fields": {"name": "Can delete session", "content_type": 6, "codename": "delete_session"}}, {"model": "auth.permission", "pk": 24, "fields": {"name": "Can view session", "content_type": 6, "codename": "view_session"}}, {"model": "auth.permission", "pk": 25, "fields": {"name": "Can add client", "content_type": 7, "codename": "add_client"}}, {"model": "auth.permission", "pk": 26, "fields": {"name": "Can change client", "content_type": 7, "codename": "change_client"}}, {"model": "auth.permission", "pk": 27, "fields": {"name": "Can delete client", "content_type": 7, "codename": "delete_client"}}, {"model": "auth.permission", "pk": 28, "fields": {"name": "Can view client", "content_type": 7, "codename": "view_client"}}, {"model": "auth.permission", "pk": 29, "fields": {"name": "Can add account", "content_type": 8, "codename": "add_account"}}, {"model": "auth.permission", "pk": 30, "fields": {"name": "Can change account", "content_type": 8, "codename": "change_account"}}, {"model": "auth.permission", "pk": 31, "fields": {"name": "Can delete account", "content_type": 8, "codename": "delete_account"}}, {"model": "auth.permission", "pk": 32, "fields": {"name": "Can view account", "content_type": 8, "codename": "view_account"}}, {"model": "auth.permission", "pk": 33, "fields": {"name": "Can add employee", "content_type": 9, "codename": "add_employee"}}, {"model": "auth.permission", "pk": 34, "fields": {"name": "Can change employee", "content_type": 9, "codename": "change_employee"}}, {"model": "auth.permission", "pk": 35, "fields": {"name": "Can delete employee", "content_type": 9, "codename": "delete_employee"}}, {"model": "auth.permission", "pk": 36, "fields": {"name": "Can view employee", "content_type": 9, "codename": "view_employee"}}, {"model": "auth.permission", "pk": 37, "fields": {"name": "Can add psychologist", "content_type": 10, "codename": "add_psychologist"}}, {"model": "auth.permission", "pk": 38, "fields": {"name": "Can change psychologist", "content_type": 10, "codename": "change_psychologist"}}, {"model": "auth.permission", "pk": 39, "fields": {"name": "Can delete psychologist", "content_type": 10, "codename": "delete_psychologist"}}, {"model": "auth.permission", "pk": 40, "fields": {"name": "Can view psychologist", "content_type": 10, "codename": "view_psychologist"}}, {"model": "auth.permission", "pk": 41, "fields": {"name": "Can add Token", "content_type": 11, "codename": "add_token"}}, {"model": "auth.permission", "pk": 42, "fields": {"name": "Can change Token", "content_type": 11, "codename": "change_token"}}, {"model": "auth.permission", "pk": 43, "fields": {"name": "Can delete Token", "content_type": 11, "codename": "delete_token"}}, {"model": "auth.permission", "pk": 44, "fields": {"name": "Can view Token", "content_type": 11, "codename": "view_token"}}, {"model": "auth.permission", "pk": 45, "fields": {"name": "Can add token", "content_type": 12, "codename": "add_tokenproxy"}}, {"model": "auth.permission", "pk": 46, "fields": {"name": "Can change token", "content_type": 12, "codename": "change_tokenproxy"}}, {"model": "auth.permission", "pk": 47, "fields": {"name": "Can delete token", "content_type": 12, "codename": "delete_tokenproxy"}}, {"model": "auth.permission", "pk": 48, "fields": {"name": "Can view token", "content_type": 12, "codename": "view_tokenproxy"}}, {"model": "auth.permission", "pk": 49, "fields": {"name": "Can add blacklisted token", "content_type": 13, "codename": "add_blacklistedtoken"}}, {"model": "auth.permission", "pk": 50, "fields": {"name": "Can change blacklisted token", "content_type": 13, "codename": "change_blacklistedtoken"}}, {"model": "auth.permission", "pk": 51, "fields": {"name": "Can delete blacklisted token", "content_type": 13, "codename": "delete_blacklistedtoken"}}, {"model": "auth.permission", "pk": 52, "fields": {"name": "Can view blacklisted token", "content_type": 13, "codename": "view_blacklistedtoken"}}, {"model": "auth.permission", "pk": 53, "fields": {"name": "Can add outstanding token", "content_type": 14, "codename": "add_outstandingtoken"}}, {"model": "auth.permission", "pk": 54, "fields": {"name": "Can change outstanding token", "content_type": 14, "codename": "change_outstandingtoken"}}, {"model": "auth.permission", "pk": 55, "fields": {"name": "Can delete outstanding token", "content_type": 14, "codename": "delete_outstandingtoken"}}, {"model": "auth.permission", "pk": 56, "fields": {"name": "Can view outstanding token", "content_type": 14, "codename": "view_outstandingtoken"}}, {"model": "auth.permission", "pk": 57, "fields": {"name": "Can add therapy", "content_type": 15, "codename": "add_therapy"}}, {"model": "auth.permission", "pk": 58, "fields": {"name": "Can change therapy", "content_type": 15, "codename": "change_therapy"}}, {"model": "auth.permission", "pk": 59, "fields": {"name": "Can delete therapy", "content_type": 15, "codename": "delete_therapy"}}, {"model": "auth.permission", "pk": 60, "fields": {"name": "Can view therapy", "content_type": 15, "codename": "view_therapy"}}, {"model": "auth.permission", "pk": 61, "fields": {"name": "Can add schedule", "content_type": 16, "codename": "add_schedule"}}, {"model": "auth.permission", "pk": 62, "fields": {"name": "Can change schedule", "content_type": 16, "codename": "change_schedule"}}, {"model": "auth.permission", "pk": 63, "fields": {"name": "Can delete schedule", "content_type": 16, "codename": "delete_schedule"}}, {"model": "auth.permission", "pk": 64, "fields": {"name": "Can view schedule", "content_type": 16, "codename": "view_schedule"}}, {"model": "auth.permission", "pk": 65, "fields": {"name": "Can add fullcalendar", "content_type": 17, "codename": "add_fullcalendar"}}, {"model": "auth.permission", "pk": 66, "fields": {"name": "Can change fullcalendar", "content_type": 17, "codename": "change_fullcalendar"}}, {"model": "auth.permission", "pk": 67, "fields": {"name": "Can delete fullcalendar", "content_type": 17, "codename": "delete_fullcalendar"}}, {"model": "auth.permission", "pk": 68, "fields": {"name": "Can view fullcalendar", "content_type": 17, "codename": "view_fullcalendar"}}, {"model": "auth.permission", "pk": 69, "fields": {"name": "Can add goes to", "content_type": 18, "codename": "add_goesto"}}, {"model": "auth.permission", "pk": 70, "fields": {"name": "Can change goes to", "content_type": 18, "codename": "change_goesto"}}, {"model": "auth.permission", "pk": 71, "fields": {"name": "Can delete goes to", "content_type": 18, "codename": "delete_goesto"}}, {"model": "auth.permission", "pk": 72, "fields": {"name": "Can view goes to", "content_type": 18, "codename": "view_goesto"}}, {"model": "auth.permission", "pk": 73, "fields": {"name": "Can add confirmation status", "content_type": 19, "codename": "add_confirmationstatus"}}, {"model": "auth.permission", "pk": 74, "fields": {"name": "Can change confirmation status", "content_type": 19, "codename": "change_confirmationstatus"}}, {"model": "auth.permission", "pk": 75, "fields": {"name": "Can delete confirmation status", "content_type": 19, "codename": "delete_confirmationstatus"}}, {"model": "auth.permission", "pk": 76, "fields": {"name": "Can view confirmation status", "content_type": 19, "codename": "view_confirmationstatus"}}, {"model": "auth.permission", "pk": 77, "fields": {"name": "Can add working hours", "content_type": 16, "codename": "add_workinghours"}}, {"model": "auth.permission", "pk": 78, "fields": {"name": "Can change working hours", "content_type": 16, "codename": "change_workinghours"}}, {"model": "auth.permission", "pk": 79, "fields": {"name": "Can delete working hours", "content_type": 16, "codename": "delete_workinghours"}}, {"model": "auth.permission", "pk": 80, "fields": {"name": "Can view working hours", "content_type": 16, "codename": "view_workinghours"}}, {"model": "auth.permission", "pk": 81, "fields": {"name": "Can add feel", "content_type": 20, "codename": "add_feel"}}, {"model": "auth.permission", "pk": 82, "fields": {"name": "Can change feel", "content_type": 20, "codename": "change_feel"}}, {"model": "auth.permission", "pk": 83, "fields": {"name": "Can delete feel", "content_type": 20, "codename": "delete_feel"}}, {"model": "auth.permission", "pk": 84, "fields": {"name": "Can view feel", "content_type": 20, "codename": "view_feel"}}, {"model": "auth.permission", "pk": 85, "fields": {"name": "Can add psychological disorder", "content_type": 21, "codename": "add_psychologicaldisorder"}}, {"model": "auth.permission", "pk": 86, "fields": {"name": "Can change psychological disorder", "content_type": 21, "codename": "change_psychologicaldisorder"}}, {"model": "auth.permission", "pk": 87, "fields": {"name": "Can delete psychological disorder", "content_type": 21, "codename": "delete_psychologicaldisorder"}}, {"model": "auth.permission", "pk": 88, "fields": {"name": "Can view psychological disorder", "content_type": 21, "codename": "view_psychologicaldisorder"}}, {"model": "auth.permission", "pk": 89, "fields": {"name": "Can add symptom", "content_type": 22, "codename": "add_symptom"}}, {"model": "auth.permission", "pk": 90, "fields": {"name": "Can change symptom", "content_type": 22, "codename": "change_symptom"}}, {"model": "auth.permission", "pk": 91, "fields": {"name": "Can delete symptom", "content_type": 22, "codename": "delete_symptom"}}, {"model": "auth.permission", "pk": 92, "fields": {"name": "Can view symptom", "content_type": 22, "codename": "view_symptom"}}, {"model": "auth.permission", "pk": 93, "fields": {"name": "Can add field of expertise", "content_type": 23, "codename": "add_fieldofexpertise"}}, {"model": "auth.permission", "pk": 94, "fields": {"name": "Can change field of expertise", "content_type": 23, "codename": "change_fieldofexpertise"}}, {"model": "auth.permission", "pk": 95, "fields": {"name": "Can delete field of expertise", "content_type": 23, "codename": "delete_fieldofexpertise"}}, {"model": "auth.permission", "pk": 96, "fields": {"name": "Can view field of expertise", "content_type": 23, "codename": "view_fieldofexpertise"}}, {"model": "auth.permission", "pk": 97, "fields": {"name": "Can add characterized by", "content_type": 24, "codename": "add_characterizedby"}}, {"model": "auth.permission", "pk": 98, "fields": {"name": "Can change characterized by", "content_type": 24, "codename": "change_characterizedby"}}, {"model": "auth.permission", "pk": 99, "fields": {"name": "Can delete characterized by", "content_type": 24, "codename": "delete_characterizedby"}}, {"model": "auth.permission", "pk": 100, "fields": {"name": "Can view characterized by", "content_type": 24, "codename": "view_characterizedby"}}, {"model": "auth.group", "pk": 1, "fields": {"name": "employee", "permissions": [13, 14, 15, 16, 17, 18, 19, 20, 21, 22, 23, 24]}}, {"model": "auth.user", "pk": 1, "fields": {"password": "pbkdf2_sha256$216000$R7OvgrEyLYuZ$Xa3B6JkUbsuKNraSGYlLtCXyv6riHkBKRu3hUWlYyns=", "last_login": "2022-02-23T16:46:54.350Z", "is_superuser": true, "username": "dejan", "first_name": "", "last_name": "", "email": "", "is_staff": true, "is_active": true, "date_joined": "2022-02-06T22:15:08.453Z", "groups": [], "user_permissions": []}}, {"model": "auth.user", "pk": 2, "fields": {"password": "pbkdf2_sha256$216000$MTcjunK9ZLo4$Cy+WkDi/yufgmvad5mqIjj5Xf67ZdE+cjUYnG1fitKA=", "last_login": null, "is_superuser": true, "username": "andrija", "first_name": "Andrijevica", "last_name": "Orahovac", "email": "", "is_staff": true, "is_active": true, "date_joined": "2022-02-07T11:44:58Z", "groups": [], "user_permissions": []}}, {"model": "auth.user", "pk": 3, "fields": {"password": "pbkdf2_sha256$320000$CIFlW8IReK4scDI9sYxPKn$jk+WP4Fky6VBBPqD/ZPg/8J7JZRgE4F1Tr0lZ2/ixLM=", "last_login": null, "is_superuser": false, "username": "Milos", "first_name": "", "last_name": "", "email": "", "is_staff": false, "is_active": true, "date_joined": "2022-02-08T09:56:26Z", "groups": [], "user_permissions": []}}, {"model": "auth.user", "pk": 4, "fields": {"password": "!BaOt7w5jNYV6fnjz4nbUd7f5DGububO0xlxcuoNZ", "last_login": null, "is_superuser": false, "username": "jovan", "first_name": "Jovan", "last_name": "Vukovic", "email": "jovan.vukovic@telekom.me", "is_staff": true, "is_active": true, "date_joined": "2022-02-08T16:20:29Z", "groups": [], "user_permissions": []}}, {"model": "auth.user", "pk": 7, "fields": {"password": "pbkdf2_sha256$216000$NfA9aEQWllpM$HNVXcvzyn9M96DtwmxkXs10QEl0uX3lRVRAAYv3UR9M=", "last_login": null, "is_superuser": false, "username": "ivona", "first_name": "ivanovic", "last_name": "ivan", "email": "ivanananana@gmail.com", "is_staff": true, "is_active": true, "date_joined": "2022-02-11T19:01:38Z", "groups": [], "user_permissions": []}}, {"model": "auth.user", "pk": 42, "fields": {"password": "pbkdf2_sha256$216000$F80XS71avIph$iPa5D8AhEjEC3o5bF1XNNMMVZMpyJbvwq55PWMK6iws=", "last_login": null, "is_superuser": false, "username": "milivoje", "first_name": "Milivoje", "last_name": "Milivojevic", "email": "greska@gmail.com", "is_staff": false, "is_active": true, "date_joined": "2022-02-23T16:50:54.433Z", "groups": [], "user_permissions": []}}, {"model": "auth.user", "pk": 43, "fields": {"password": "pbkdf2_sha256$216000$war8ndYwVSFe$WU8ynX73iG8l+cx1NnP5YNJ0ATkTPvSppF9EwKMGRS8=", "last_login": null, "is_superuser": false, "username": "radivoje", "first_name": "radivoje", "last_name": "Milivojevic", "email": "greska1@gmail.com", "is_staff": false, "is_active": true, "date_joined": "2022-02-23T16:51:28.064Z", "groups": [], "user_permissions": []}}, {"model": "auth.user", "pk": 44, "fields": {"password": "pbkdf2_sha256$216000$ROuOpIICp4Oa$m+yj4YFS7hMi2MRMaAQzJrSpSTnzhF4NJarJSLkkXs8=", "last_login": null, "is_superuser": false, "username": "milijana", "first_name": "milijana", "last_name": "Milivojevic", "email": "greska01@gmail.com", "is_staff": false, "is_active": true, "date_joined": "2022-02-23T16:51:51.114Z", "groups": [], "user_permissions": []}}, {"model": "auth.user", "pk": 45, "fields": {"password": "pbkdf2_sha256$216000$I3YCknAQxhhk$IFVHsicDu2fXUg6I7ckBwAErYN1SzdMhrVO8mDgKvMY=", "last_login": null, "is_superuser": false, "username": "ljubinka", "first_name": "ljubinka", "last_name": "Milivojevic", "email": "greska001@gmail.com", "is_staff": false, "is_active": true, "date_joined": "2022-02-23T16:52:18.476Z", "groups": [], "user_permissions": []}}, {"model": "auth.user", "pk": 48, "fields": {"password": "pbkdf2_sha256$216000$OybEJUcQy0LR$trWVQm/iGZ6HhOpLvE0yffP5EgExXg1gjvkla4PPRkY=", "last_login": null, "is_superuser": false, "username": "miros", "first_name": "miroslav", "last_name": "miroslavljevic", "email": "miro1@gmail.com", "is_staff": false, "is_active": true, "date_joined": "2022-03-05T01:02:46.799Z", "groups": [], "user_permissions": []}}, {"model": "auth.user", "pk": 52, "fields": {"password": "pbkdf2_sha256$216000$P9Ar9jUT6BG0$PLA0yH/Zm5uvhA516bdCQC8s8RFfGbA8bOxXxYsOrTk=", "last_login": null, "is_superuser": false, "username": "dex", "first_name": "Dejan", "last_name": "Radovanovic", "email": "dejan24dr@gmail.com", "is_staff": false, "is_active": true, "date_joined": "2022-03-05T01:33:16.981Z", "groups": [], "user_permissions": []}}, {"model": "contenttypes.contenttype", "pk": 1, "fields": {"app_label": "admin", "model": "logentry"}}, {"model": "contenttypes.contenttype", "pk": 2, "fields": {"app_label": "auth", "model": "permission"}}, {"model": "contenttypes.contenttype", "pk": 3, "fields": {"app_label": "auth", "model": "group"}}, {"model": "contenttypes.contenttype", "pk": 4, "fields": {"app_label": "auth", "model": "user"}}, {"model": "contenttypes.contenttype", "pk": 5, "fields": {"app_label": "contenttypes", "model": "contenttype"}}, {"model": "contenttypes.contenttype", "pk": 6, "fields": {"app_label": "sessions", "model": "session"}}, {"model": "contenttypes.contenttype", "pk": 7, "fields": {"app_label": "account", "model": "client"}}, {"model": "contenttypes.contenttype", "pk": 8, "fields": {"app_label": "account", "model": "account"}}, {"model": "contenttypes.contenttype", "pk": 9, "fields": {"app_label": "account", "model": "employee"}}, {"model": "contenttypes.contenttype", "pk": 10, "fields": {"app_label": "account", "model": "psychologist"}}, {"model": "contenttypes.contenttype", "pk": 11, "fields": {"app_label": "authtoken", "model": "token"}}, {"model": "contenttypes.contenttype", "pk": 12, "fields": {"app_label": "authtoken", "model": "tokenproxy"}}, {"model": "contenttypes.contenttype", "pk": 13, "fields": {"app_label": "token_blacklist", "model": "blacklistedtoken"}}, {"model": "contenttypes.contenttype", "pk": 14, "fields": {"app_label": "token_blacklist", "model": "outstandingtoken"}}, {"model": "contenttypes.contenttype", "pk": 15, "fields": {"app_label": "scheduler", "model": "therapy"}}, {"model": "contenttypes.contenttype", "pk": 16, "fields": {"app_label": "scheduler", "model": "workinghours"}}, {"model": "contenttypes.contenttype", "pk": 17, "fields": {"app_label": "scheduler", "model": "fullcalendar"}}, {"model": "contenttypes.contenttype", "pk": 18, "fields": {"app_label": "scheduler", "model": "goesto"}}, {"model": "contenttypes.contenttype", "pk": 19, "fields": {"app_label": "scheduler", "model": "confirmationstatus"}}, {"model": "contenttypes.contenttype", "pk": 20, "fields": {"app_label": "symptom", "model": "feel"}}, {"model": "contenttypes.contenttype", "pk": 21, "fields": {"app_label": "symptom", "model": "psychologicaldisorder"}}, {"model": "contenttypes.contenttype", "pk": 22, "fields": {"app_label": "symptom", "model": "symptom"}}, {"model": "contenttypes.contenttype", "pk": 23, "fields": {"app_label": "symptom", "model": "fieldofexpertise"}}, {"model": "contenttypes.contenttype", "pk": 24, "fields": {"app_label": "symptom", "model": "characterizedby"}}, {"model": "sessions.session", "pk": "4nggs73yolbbbsu281duvn3en8saup0b", "fields": {"session_data": ".eJxVjEEOwiAQRe_C2pABRKhL956BDDODVA1NSrsy3l2bdKHb_977L5VwXWpau8xpZHVWRh1-t4z0kLYBvmO7TZqmtsxj1puid9r1dWJ5Xnb376Bir98axZbA5IboLFskLzmLBWRhB8QEXkrkYuQEhOZYiAP4XGDItpiIQb0_KGE5mA:1nMun0:XTY4DwhyWs2lDwMCwBPPAbkbJOVkNQ81zdk1WTrcvJs", "expire_date": "2022-03-09T16:46:54.420Z"}}, {"model": "sessions.session", "pk": "ggf6pcwghsbssggvrzj6beyq0dtz0xyn", "fields": {"session_data": ".eJxVjEEOwiAQRe_C2pBSGBhcuvcMBJhBqoYmpV0Z765NutDtf-_9lwhxW2vYOi9hInEWSpx-txTzg9sO6B7bbZZ5busyJbkr8qBdXmfi5-Vw_w5q7PVbIzkGzXnAqAsgWI3JK2JfsKSsDZqs_GCjZQ00ZnQlEbkRnDGoCVi8P-m3N_k:1nIb82:AuyYb93fjpzecPuyaJRfrCU11jY4ENQJYi0TD2Vphmk", "expire_date": "2022-02-25T18:58:46.877Z"}}, {"model": "sessions.session", "pk": "r6h1ep8mn9dykyt42f4f3iq3hb1w744x", "fields": {"session_data": ".eJxVjEEOwiAQRe_C2pABRKhL956BDDODVA1NSrsy3l2bdKHb_977L5VwXWpau8xpZHVWRh1-t4z0kLYBvmO7TZqmtsxj1puid9r1dWJ5Xnb376Bir98axZbA5IboLFskLzmLBWRhB8QEXkrkYuQEhOZYiAP4XGDItpiIQb0_KGE5mA:1nLcuT:HeDWbvJnrKQvEs0cSeJgHH_4AV1Ae0jpG8sR81m3u9M", "expire_date": "2022-03-06T03:29:17.393Z"}}, {"model": "sessions.session", "pk": "urpnal634k1d17fk81p21hmk6sh1zy6o", "fields": {"session_data": ".eJxVjEEOwiAQRe_C2pBSGBhcuvcMBJhBqoYmpV0Z765NutDtf-_9lwhxW2vYOi9hInEWSpx-txTzg9sO6B7bbZZ5busyJbkr8qBdXmfi5-Vw_w5q7PVbIzkGzXnAqAsgWI3JK2JfsKSsDZqs_GCjZQ00ZnQlEbkRnDGoCVi8P-m3N_k:1nHVxb:IqRqcztP8zicGYMhxpVXfMxaEZjnCQfVxyaNGFFqres", "expire_date": "2022-02-22T19:15:31.384Z"}}, {"model": "sessions.session", "pk": "xe2f8tpxm2idy5qeb23pm1s5ntrd57fl", "fields": {"session_data": ".eJxVjEEOwiAQRe_C2pABRKhL956BDDODVA1NSrsy3l2bdKHb_977L5VwXWpau8xpZHVWRh1-t4z0kLYBvmO7TZqmtsxj1puid9r1dWJ5Xnb376Bir98axZbA5IboLFskLzmLBWRhB8QEXkrkYuQEhOZYiAP4XGDItpiIQb0_KGE5mA:1nLBI3:gDKVN3dMs9yQTyyba8U6N7TuXNVMDpi8lFNtvcrN-94", "expire_date": "2022-03-04T21:59:47.561Z"}}, {"model": "token_blacklist.outstandingtoken", "pk": 1, "fields": {"user": 1, "jti": "3b67232be01d4ba9be21147b0389dfdc", "token": "eyJ0eXAiOiJKV1QiLCJhbGciOiJIUzI1NiJ9.eyJ0b2tlbl90eXBlIjoicmVmcmVzaCIsImV4cCI6MTY0NTUzNzU5NSwianRpIjoiM2I2NzIzMmJlMDFkNGJhOWJlMjExNDdiMDM4OWRmZGMiLCJ1c2VyX2lkIjoxfQ.1uOi7a4dRdmpFDDjM47WIS06-H1O3Y0pCmIF2nUCE48", "created_at": "2022-02-21T13:46:35.694Z", "expires_at": "2022-02-22T13:46:35Z"}}, {"model": "token_blacklist.outstandingtoken", "pk": 2, "fields": {"user": 1, "jti": "9bad6649f78849df9431a64a163ebc31", "token": "eyJ0eXAiOiJKV1QiLCJhbGciOiJIUzI1NiJ9.eyJ0b2tlbl90eXBlIjoicmVmcmVzaCIsImV4cCI6MTY0NTUzNzY4MywianRpIjoiOWJhZDY2NDlmNzg4NDlkZjk0MzFhNjRhMTYzZWJjMzEiLCJ1c2VyX2lkIjoxfQ.dL3gU7OQRhbiZBTDxFHgQ1WgjrNcW2b26Y0eFoI9N44", "created_at": "2022-02-21T13:48:03.159Z", "expires_at": "2022-02-22T13:48:03Z"}}, {"model": "token_blacklist.outstandingtoken", "pk": 10, "fields": {"user": 1, "jti": "85ec92b30c6445c88540db3603ef0bf5", "token": "eyJ0eXAiOiJKV1QiLCJhbGciOiJIUzI1NiJ9.eyJ0b2tlbl90eXBlIjoicmVmcmVzaCIsImV4cCI6MTY0NTYyNjI3MywianRpIjoiODVlYzkyYjMwYzY0NDVjODg1NDBkYjM2MDNlZjBiZjUiLCJ1c2VyX2lkIjoxfQ.5PZDqtVdKBo8_3QQPLgv1Cnc_ly8KhiKuAxdwtVaq8Y", "created_at": "2022-02-22T14:24:33.550Z", "expires_at": "2022-02-23T14:24:33Z"}}, {"model": "token_blacklist.outstandingtoken", "pk": 12, "fields": {"user": 2, "jti": "10d068619e1d436ca8c565822112a5cf", "token": "eyJ0eXAiOiJKV1QiLCJhbGciOiJIUzI1NiJ9.eyJ0b2tlbl90eXBlIjoicmVmcmVzaCIsImV4cCI6MTY0NTYyNjI5OCwianRpIjoiMTBkMDY4NjE5ZTFkNDM2Y2E4YzU2NTgyMjExMmE1Y2YiLCJ1c2VyX2lkIjoyfQ.OZHVLiiW3zDDgPJw2Wgm6Bs0ICz6RfxV6VZfKEWC4gI", "created_at": "2022-02-22T14:24:58.799Z", "expires_at": "2022-02-23T14:24:58Z"}}, {"model": "token_blacklist.outstandingtoken", "pk": 13, "fields": {"user": 2, "jti": "8db8de7713674f80b53107291429ec23", "token": "eyJ0eXAiOiJKV1QiLCJhbGciOiJIUzI1NiJ9.eyJ0b2tlbl90eXBlIjoicmVmcmVzaCIsImV4cCI6MTY0NTYyODE4OSwianRpIjoiOGRiOGRlNzcxMzY3NGY4MGI1MzEwNzI5MTQyOWVjMjMiLCJ1c2VyX2lkIjoyfQ.pPVqY5VWey8h6C0fKUxmliG0RhORNG17WaICS5jP3xA", "created_at": "2022-02-22T14:56:29.581Z", "expires_at": "2022-02-23T14:56:29Z"}}, {"model": "token_blacklist.outstandingtoken", "pk": 14, "fields": {"user": 1, "jti": "01ea669247e941d99774cfcf95bf440d", "token": "eyJ0eXAiOiJKV1QiLCJhbGciOiJIUzI1NiJ9.eyJ0b2tlbl90eXBlIjoicmVmcmVzaCIsImV4cCI6MTY0NTYyOTQyNywianRpIjoiMDFlYTY2OTI0N2U5NDFkOTk3NzRjZmNmOTViZjQ0MGQiLCJ1c2VyX2lkIjoxfQ.IM35gtxbadm9oWDC8ckieG1G8F_YQHNj4XPQHkEoCYk", "created_at": "2022-02-22T15:17:07.309Z", "expires_at": "2022-02-23T15:17:07Z"}}, {"model": "token_blacklist.outstandingtoken", "pk": 15, "fields": {"user": 2, "jti": "c232be23e7874f6790dda6ce0c347f16", "token": "eyJ0eXAiOiJKV1QiLCJhbGciOiJIUzI1NiJ9.eyJ0b2tlbl90eXBlIjoicmVmcmVzaCIsImV4cCI6MTY0NTcyMTAxNSwianRpIjoiYzIzMmJlMjNlNzg3NGY2NzkwZGRhNmNlMGMzNDdmMTYiLCJ1c2VyX2lkIjoyfQ.4MagNOInj8zfLh4JxEkzx2qYQE8q_TU8vjf1_0N9OKA", "created_at": "2022-02-23T16:43:35.089Z", "expires_at": "2022-02-24T16:43:35Z"}}, {"model": "token_blacklist.outstandingtoken", "pk": 16, "fields": {"user": 1, "jti": "38c9b0ce94df478db5fc320e0ca34d95", "token": "eyJ0eXAiOiJKV1QiLCJhbGciOiJIUzI1NiJ9.eyJ0b2tlbl90eXBlIjoicmVmcmVzaCIsImV4cCI6MTY0NTcyMTI4MiwianRpIjoiMzhjOWIwY2U5NGRmNDc4ZGI1ZmMzMjBlMGNhMzRkOTUiLCJ1c2VyX2lkIjoxfQ.TZ0CjTiMrM_K8lMOJCVQc96RE6PA6J9chxUoZbs-rwY", "created_at": "2022-02-23T16:48:02.030Z", "expires_at": "2022-02-24T16:48:02Z"}}, {"model": "token_blacklist.outstandingtoken", "pk": 17, "fields": {"user": 42, "jti": "05912ae6360a4480bd3cc3aa6d837811", "token": "eyJ0eXAiOiJKV1QiLCJhbGciOiJIUzI1NiJ9.eyJ0b2tlbl90eXBlIjoicmVmcmVzaCIsImV4cCI6MTY0NTcyMTQ1NCwianRpIjoiMDU5MTJhZTYzNjBhNDQ4MGJkM2NjM2FhNmQ4Mzc4MTEiLCJ1c2VyX2lkIjo0Mn0.xZet7uDNwC7g5IPUKCkuwiop_O6nQ6fXGHSiPe6C9oA", "created_at": "2022-02-23T16:50:54.799Z", "expires_at": "2022-02-24T16:50:54Z"}}, {"model": "token_blacklist.outstandingtoken", "pk": 18, "fields": {"user": 43, "jti": "b73e01b93ae64822bc0fb02304b34b3c", "token": "eyJ0eXAiOiJKV1QiLCJhbGciOiJIUzI1NiJ9.eyJ0b2tlbl90eXBlIjoicmVmcmVzaCIsImV4cCI6MTY0NTcyMTQ4OCwianRpIjoiYjczZTAxYjkzYWU2NDgyMmJjMGZiMDIzMDRiMzRiM2MiLCJ1c2VyX2lkIjo0M30.rgVu-ELq0llOWCtiqdj_RXIMHufQcf0QzeDEESmRn84", "created_at": "2022-02-23T16:51:28.499Z", "expires_at": "2022-02-24T16:51:28Z"}}, {"model": "token_blacklist.outstandingtoken", "pk": 19, "fields": {"user": 44, "jti": "0df38cb1a2de4fd8bfb04d0821f086ba", "token": "eyJ0eXAiOiJKV1QiLCJhbGciOiJIUzI1NiJ9.eyJ0b2tlbl90eXBlIjoicmVmcmVzaCIsImV4cCI6MTY0NTcyMTUxMSwianRpIjoiMGRmMzhjYjFhMmRlNGZkOGJmYjA0ZDA4MjFmMDg2YmEiLCJ1c2VyX2lkIjo0NH0.frBupwvpSPsABoET8f_IC08-bk5-ck45UTbyz5f68uU", "created_at": "2022-02-23T16:51:51.475Z", "expires_at": "2022-02-24T16:51:51Z"}}, {"model": "token_blacklist.outstandingtoken", "pk": 20, "fields": {"user": 45, "jti": "4f1e59b9a5544d2fb9d20e8ee37c5adc", "token": "eyJ0eXAiOiJKV1QiLCJhbGciOiJIUzI1NiJ9.eyJ0b2tlbl90eXBlIjoicmVmcmVzaCIsImV4cCI6MTY0NTcyMTUzOCwianRpIjoiNGYxZTU5YjlhNTU0NGQyZmI5ZDIwZThlZTM3YzVhZGMiLCJ1c2VyX2lkIjo0NX0.6jCglCa0C0IBA18LBhUpxjQOYURHPj8zjup5B2lg5HM", "created_at": "2022-02-23T16:52:18.896Z", "expires_at": "2022-02-24T16:52:18Z"}}, {"model": "token_blacklist.outstandingtoken", "pk": 21, "fields": {"user": 2, "jti": "51a83f8810a849c4a18352c0aa740a7d", "token": "eyJ0eXAiOiJKV1QiLCJhbGciOiJIUzI1NiJ9.eyJ0b2tlbl90eXBlIjoicmVmcmVzaCIsImV4cCI6MTY0NTcyMjAzNiwianRpIjoiNTFhODNmODgxMGE4NDljNGExODM1MmMwYWE3NDBhN2QiLCJ1c2VyX2lkIjoyfQ.flVox_eZ7pT3i6Ai-veJpVC4I1MbRd4YMjbRG5xHL3o", "created_at": "2022-02-23T17:00:36.993Z", "expires_at": "2022-02-24T17:00:36Z"}}, {"model": "token_blacklist.outstandingtoken", "pk": 22, "fields": {"user": 7, "jti": "c8959dc755134fe5b4946d6f5a4dc562", "token": "eyJ0eXAiOiJKV1QiLCJhbGciOiJIUzI1NiJ9.eyJ0b2tlbl90eXBlIjoicmVmcmVzaCIsImV4cCI6MTY0NTcyMjM2OCwianRpIjoiYzg5NTlkYzc1NTEzNGZlNWI0OTQ2ZDZmNWE0ZGM1NjIiLCJ1c2VyX2lkIjo3fQ.JkeBeKIIlGKZGKbb_jVZtpPC9491LRD39js0JUHX500", "created_at": "2022-02-23T17:06:08.617Z", "expires_at": "2022-02-24T17:06:08Z"}}, {"model": "token_blacklist.outstandingtoken", "pk": 23, "fields": {"user": 7, "jti": "e45ebb5cd97a4537a58c9fd3595c68d6", "token": "eyJ0eXAiOiJKV1QiLCJhbGciOiJIUzI1NiJ9.eyJ0b2tlbl90eXBlIjoicmVmcmVzaCIsImV4cCI6MTY0NTc1NTA1NSwianRpIjoiZTQ1ZWJiNWNkOTdhNDUzN2E1OGM5ZmQzNTk1YzY4ZDYiLCJ1c2VyX2lkIjo3fQ.BOZgCiWq4rei3r21CDOt7HDZD8Co48Y4SQWSmdQSW4M", "created_at": "2022-02-24T02:10:55.027Z", "expires_at": "2022-02-25T02:10:55Z"}}, {"model": "token_blacklist.outstandingtoken", "pk": 24, "fields": {"user": 7, "jti": "d6b4a479f1ef4595899e41a08495f144", "token": "eyJ0eXAiOiJKV1QiLCJhbGciOiJIUzI1NiJ9.eyJ0b2tlbl90eXBlIjoicmVmcmVzaCIsImV4cCI6MTY0NTgwNDg4NSwianRpIjoiZDZiNGE0NzlmMWVmNDU5NTg5OWU0MWEwODQ5NWYxNDQiLCJ1c2VyX2lkIjo3fQ.Vpv57hOtcUO-SWsTgbBtYlRNWXH-iLPjsQ6iW0OC1jc", "created_at": "2022-02-24T16:01:25.520Z", "expires_at": "2022-02-25T16:01:25Z"}}, {"model": "token_blacklist.outstandingtoken", "pk": 25, "fields": {"user": 7, "jti": "1fa7e38088954b43a8277720bf3d02b2", "token": "eyJ0eXAiOiJKV1QiLCJhbGciOiJIUzI1NiJ9.eyJ0b2tlbl90eXBlIjoicmVmcmVzaCIsImV4cCI6MTY0NTgxMTE4NSwianRpIjoiMWZhN2UzODA4ODk1NGI0M2E4Mjc3NzIwYmYzZDAyYjIiLCJ1c2VyX2lkIjo3fQ._PlD6yHDGZZ463jlc0NgXxmfinnXWc2X8g-c7mZ3E2I", "created_at": "2022-02-24T17:46:25.181Z", "expires_at": "2022-02-25T17:46:25Z"}}, {"model": "token_blacklist.outstandingtoken", "pk": 26, "fields": {"user": 7, "jti": "d8e76a02c90a48e8a9585151535558c8", "token": "eyJ0eXAiOiJKV1QiLCJhbGciOiJIUzI1NiJ9.eyJ0b2tlbl90eXBlIjoicmVmcmVzaCIsImV4cCI6MTY0NTgxODg4NiwianRpIjoiZDhlNzZhMDJjOTBhNDhlOGE5NTg1MTUxNTM1NTU4YzgiLCJ1c2VyX2lkIjo3fQ.-KNQifO6g-rGOEA-f20xMiynMUySHoXwISPZT1QnJRg", "created_at": "2022-02-24T19:54:46.979Z", "expires_at": "2022-02-25T19:54:46Z"}}, {"model": "token_blacklist.outstandingtoken", "pk": 27, "fields": {"user": 7, "jti": "421117fb886d49909d3237eb707fffd3", "token": "eyJ0eXAiOiJKV1QiLCJhbGciOiJIUzI1NiJ9.eyJ0b2tlbl90eXBlIjoicmVmcmVzaCIsImV4cCI6MTY0NTgzNTE5NywianRpIjoiNDIxMTE3ZmI4ODZkNDk5MDlkMzIzN2ViNzA3ZmZmZDMiLCJ1c2VyX2lkIjo3fQ.bIaFfj-vnDoKCS8ngBhqNoTk63Jvxt97oQ23dwzjNhU", "created_at": "2022-02-25T00:26:37.611Z", "expires_at": "2022-02-26T00:26:37Z"}}, {"model": "token_blacklist.outstandingtoken", "pk": 28, "fields": {"user": 7, "jti": "b820a15f3df54359b247b930a5377aaa", "token": "eyJ0eXAiOiJKV1QiLCJhbGciOiJIUzI1NiJ9.eyJ0b2tlbl90eXBlIjoicmVmcmVzaCIsImV4cCI6MTY0NTgzNjkxMSwianRpIjoiYjgyMGExNWYzZGY1NDM1OWIyNDdiOTMwYTUzNzdhYWEiLCJ1c2VyX2lkIjo3fQ.I47_cmGJT8eD2vteSE9mFd7_Iv9fx3NXE0R4u5Z7dis", "created_at": "2022-02-25T00:55:11.061Z", "expires_at": "2022-02-26T00:55:11Z"}}, {"model": "token_blacklist.outstandingtoken", "pk": 29, "fields": {"user": 2, "jti": "1124d4b443e84ce38af08d009fb134d9", "token": "eyJ0eXAiOiJKV1QiLCJhbGciOiJIUzI1NiJ9.eyJ0b2tlbl90eXBlIjoicmVmcmVzaCIsImV4cCI6MTY0NTgzNjk2MCwianRpIjoiMTEyNGQ0YjQ0M2U4NGNlMzhhZjA4ZDAwOWZiMTM0ZDkiLCJ1c2VyX2lkIjoyfQ.L5Nz8HLcjgcXHK7tmCQ9tSQebrZKHSvN1FfL6nQTRwE", "created_at": "2022-02-25T00:56:00.743Z", "expires_at": "2022-02-26T00:56:00Z"}}, {"model": "token_blacklist.outstandingtoken", "pk": 30, "fields": {"user": 7, "jti": "71fb61b01a5f4943806efc16911693d8", "token": "eyJ0eXAiOiJKV1QiLCJhbGciOiJIUzI1NiJ9.eyJ0b2tlbl90eXBlIjoicmVmcmVzaCIsImV4cCI6MTY0NTgzNzAwNCwianRpIjoiNzFmYjYxYjAxYTVmNDk0MzgwNmVmYzE2OTExNjkzZDgiLCJ1c2VyX2lkIjo3fQ.yU2oOKnKLkyNZ1cyszrP6lju2fS5QxAh_pvQjMdT80s", "created_at": "2022-02-25T00:56:44.777Z", "expires_at": "2022-02-26T00:56:44Z"}}, {"model": "token_blacklist.outstandingtoken", "pk": 33, "fields": {"user": 7, "jti": "92625911c3fb4ca1ba6c375a14687c02", "token": "eyJ0eXAiOiJKV1QiLCJhbGciOiJIUzI1NiJ9.eyJ0b2tlbl90eXBlIjoicmVmcmVzaCIsImV4cCI6MTY0NjAxMzQxNywianRpIjoiOTI2MjU5MTFjM2ZiNGNhMWJhNmMzNzVhMTQ2ODdjMDIiLCJ1c2VyX2lkIjo3fQ.3rxBNUgZEIbYuiI5AYyROZRPVmDIjl68Q5oktNv5J3s", "created_at": "2022-02-27T01:56:57.531Z", "expires_at": "2022-02-28T01:56:57Z"}}, {"model": "token_blacklist.outstandingtoken", "pk": 35, "fields": {"user": 1, "jti": "5234650bd13f49199f613023b2c73e8f", "token": "eyJ0eXAiOiJKV1QiLCJhbGciOiJIUzI1NiJ9.eyJ0b2tlbl90eXBlIjoicmVmcmVzaCIsImV4cCI6MTY0NjAxMzg3NiwianRpIjoiNTIzNDY1MGJkMTNmNDkxOTlmNjEzMDIzYjJjNzNlOGYiLCJ1c2VyX2lkIjoxfQ.zWeh43NaDwWRnCku0ecNb-TYDQv8xYQ0UzLO3pk_Kos", "created_at": "2022-02-27T02:04:36.804Z", "expires_at": "2022-02-28T02:04:36Z"}}, {"model": "token_blacklist.outstandingtoken", "pk": 36, "fields": {"user": 43, "jti": "fb311709972e45c4b1480164633527cb", "token": "eyJ0eXAiOiJKV1QiLCJhbGciOiJIUzI1NiJ9.eyJ0b2tlbl90eXBlIjoicmVmcmVzaCIsImV4cCI6MTY0NjAxMzk5MSwianRpIjoiZmIzMTE3MDk5NzJlNDVjNGIxNDgwMTY0NjMzNTI3Y2IiLCJ1c2VyX2lkIjo0M30.948TKk0Y1FVGC29wzsBiPWKao1XvQP8mxceEXiVe9f0", "created_at": "2022-02-27T02:06:31.506Z", "expires_at": "2022-02-28T02:06:31Z"}}, {"model": "token_blacklist.outstandingtoken", "pk": 37, "fields": {"user": 7, "jti": "0f8a035fbb234f95af135014a673381f", "token": "eyJ0eXAiOiJKV1QiLCJhbGciOiJIUzI1NiJ9.eyJ0b2tlbl90eXBlIjoicmVmcmVzaCIsImV4cCI6MTY0NjAxNDA1NSwianRpIjoiMGY4YTAzNWZiYjIzNGY5NWFmMTM1MDE0YTY3MzM4MWYiLCJ1c2VyX2lkIjo3fQ.baeaa-iaCgCXvPBNCVKPo6eNPwMLnCsgLUXlNOdY8uk", "created_at": "2022-02-27T02:07:35.093Z", "expires_at": "2022-02-28T02:07:35Z"}}, {"model": "token_blacklist.outstandingtoken", "pk": 41, "fields": {"user": 7, "jti": "7a7cf33c4b5b4949ba5ed863b0a7f788", "token": "eyJ0eXAiOiJKV1QiLCJhbGciOiJIUzI1NiJ9.eyJ0b2tlbl90eXBlIjoicmVmcmVzaCIsImV4cCI6MTY0NjA2MDMzOSwianRpIjoiN2E3Y2YzM2M0YjViNDk0OWJhNWVkODYzYjBhN2Y3ODgiLCJ1c2VyX2lkIjo3fQ.JU4pxo-180TYNUMuSIHizKRj4MG0I-na6ORGQk-MXv4", "created_at": "2022-02-27T14:58:59.581Z", "expires_at": "2022-02-28T14:58:59Z"}}, {"model": "token_blacklist.outstandingtoken", "pk": 42, "fields": {"user": 2, "jti": "aa56fee0604444dfbbdbf0a30c8e68c5", "token": "eyJ0eXAiOiJKV1QiLCJhbGciOiJIUzI1NiJ9.eyJ0b2tlbl90eXBlIjoicmVmcmVzaCIsImV4cCI6MTY0NjA2MDU0NSwianRpIjoiYWE1NmZlZTA2MDQ0NDRkZmJiZGJmMGEzMGM4ZTY4YzUiLCJ1c2VyX2lkIjoyfQ.7gP93NdsQQoX7h2sf5oUocm7m9MeWqX3S1FsQs3X8tw", "created_at": "2022-02-27T15:02:25.156Z", "expires_at": "2022-02-28T15:02:25Z"}}, {"model": "token_blacklist.outstandingtoken", "pk": 43, "fields": {"user": 1, "jti": "6fa4998431cc46979b18e20c1b81a652", "token": "eyJ0eXAiOiJKV1QiLCJhbGciOiJIUzI1NiJ9.eyJ0b2tlbl90eXBlIjoicmVmcmVzaCIsImV4cCI6MTY0NjA2OTc2MiwianRpIjoiNmZhNDk5ODQzMWNjNDY5NzliMThlMjBjMWI4MWE2NTIiLCJ1c2VyX2lkIjoxfQ.M4h7Sf8bHM19079MpvKeMIAzK7g1g0heJFO3BkCaJ90", "created_at": "2022-02-27T17:36:02.776Z", "expires_at": "2022-02-28T17:36:02Z"}}, {"model": "token_blacklist.outstandingtoken", "pk": 44, "fields": {"user": 45, "jti": "70cb632813b149828ff66af5d075e6e1", "token": "eyJ0eXAiOiJKV1QiLCJhbGciOiJIUzI1NiJ9.eyJ0b2tlbl90eXBlIjoicmVmcmVzaCIsImV4cCI6MTY0NjA2OTgxNSwianRpIjoiNzBjYjYzMjgxM2IxNDk4MjhmZjY2YWY1ZDA3NWU2ZTEiLCJ1c2VyX2lkIjo0NX0.tNT3RjOMoC7b57dFRUm8g18usNPhPPZfTJaBqeTGsVo", "created_at": "2022-02-27T17:36:55.260Z", "expires_at": "2022-02-28T17:36:55Z"}}, {"model": "token_blacklist.outstandingtoken", "pk": 45, "fields": {"user": 44, "jti": "f6201a17249a4cd88dcf345bfbbc0490", "token": "eyJ0eXAiOiJKV1QiLCJhbGciOiJIUzI1NiJ9.eyJ0b2tlbl90eXBlIjoicmVmcmVzaCIsImV4cCI6MTY0NjA2OTkwMSwianRpIjoiZjYyMDFhMTcyNDlhNGNkODhkY2YzNDViZmJiYzA0OTAiLCJ1c2VyX2lkIjo0NH0.9UAGfXtOSbaRNEI7QDK3OIDmhgJ4YHtMnD3RhOQ_owI", "created_at": "2022-02-27T17:38:21.523Z", "expires_at": "2022-02-28T17:38:21Z"}}, {"model": "token_blacklist.outstandingtoken", "pk": 46, "fields": {"user": 43, "jti": "ef1b637641a94e8fa417bc504d26921f", "token": "eyJ0eXAiOiJKV1QiLCJhbGciOiJIUzI1NiJ9.eyJ0b2tlbl90eXBlIjoicmVmcmVzaCIsImV4cCI6MTY0NjA2OTkzOCwianRpIjoiZWYxYjYzNzY0MWE5NGU4ZmE0MTdiYzUwNGQyNjkyMWYiLCJ1c2VyX2lkIjo0M30.ud10AH6YNtwoWaeuS_GHPDyePeNSMUk8bPaNQG9YIsQ", "created_at": "2022-02-27T17:38:58.678Z", "expires_at": "2022-02-28T17:38:58Z"}}, {"model": "token_blacklist.outstandingtoken", "pk": 47, "fields": {"user": 42, "jti": "dd0569edfb304e79b543ec6eb8ecc218", "token": "eyJ0eXAiOiJKV1QiLCJhbGciOiJIUzI1NiJ9.eyJ0b2tlbl90eXBlIjoicmVmcmVzaCIsImV4cCI6MTY0NjA2OTk3MywianRpIjoiZGQwNTY5ZWRmYjMwNGU3OWI1NDNlYzZlYjhlY2MyMTgiLCJ1c2VyX2lkIjo0Mn0.H0DzehXoQC18r95mzKd7-wMK9GnCZ624UUxv-8ZA3RA", "created_at": "2022-02-27T17:39:33.061Z", "expires_at": "2022-02-28T17:39:33Z"}}, {"model": "token_blacklist.outstandingtoken", "pk": 48, "fields": {"user": 43, "jti": "2a234d62180440d6b90480042922df16", "token": "eyJ0eXAiOiJKV1QiLCJhbGciOiJIUzI1NiJ9.eyJ0b2tlbl90eXBlIjoicmVmcmVzaCIsImV4cCI6MTY0NjA3MDEyNywianRpIjoiMmEyMzRkNjIxODA0NDBkNmI5MDQ4MDA0MjkyMmRmMTYiLCJ1c2VyX2lkIjo0M30.l1fZmI9n83L2y86-n2d37QG1w3dnpmcKcl6olKo88lY", "created_at": "2022-02-27T17:42:07.400Z", "expires_at": "2022-02-28T17:42:07Z"}}, {"model": "token_blacklist.outstandingtoken", "pk": 49, "fields": {"user": 45, "jti": "63796533e61943debcc731dd7b7fd072", "token": "eyJ0eXAiOiJKV1QiLCJhbGciOiJIUzI1NiJ9.eyJ0b2tlbl90eXBlIjoicmVmcmVzaCIsImV4cCI6MTY0NjA3MDE2MCwianRpIjoiNjM3OTY1MzNlNjE5NDNkZWJjYzczMWRkN2I3ZmQwNzIiLCJ1c2VyX2lkIjo0NX0.41rf9NkrK0BJSCA1g7qBN-mpfz-Phtl8qiCB1yaNxhY", "created_at": "2022-02-27T17:42:40.897Z", "expires_at": "2022-02-28T17:42:40Z"}}, {"model": "token_blacklist.outstandingtoken", "pk": 50, "fields": {"user": 44, "jti": "208cf9b194f24af7b26aca3d9f71c415", "token": "eyJ0eXAiOiJKV1QiLCJhbGciOiJIUzI1NiJ9.eyJ0b2tlbl90eXBlIjoicmVmcmVzaCIsImV4cCI6MTY0NjA3MDIxMSwianRpIjoiMjA4Y2Y5YjE5NGYyNGFmN2IyNmFjYTNkOWY3MWM0MTUiLCJ1c2VyX2lkIjo0NH0.qmCQL1nm4Yn3zao8NMdbYpzgQmXVRYU3x8bLdr_tsxE", "created_at": "2022-02-27T17:43:31.612Z", "expires_at": "2022-02-28T17:43:31Z"}}, {"model": "token_blacklist.outstandingtoken", "pk": 51, "fields": {"user": 2, "jti": "c8fd8a3b8f9549109f5de12b4c63aab7", "token": "eyJ0eXAiOiJKV1QiLCJhbGciOiJIUzI1NiJ9.eyJ0b2tlbl90eXBlIjoicmVmcmVzaCIsImV4cCI6MTY0NjA3MDMzNiwianRpIjoiYzhmZDhhM2I4Zjk1NDkxMDlmNWRlMTJiNGM2M2FhYjciLCJ1c2VyX2lkIjoyfQ.KMOCAUdb-S8wpJQf04BmteBuT7SaJpXbaWjdyMnjCQo", "created_at": "2022-02-27T17:45:36.038Z", "expires_at": "2022-02-28T17:45:36Z"}}, {"model": "token_blacklist.outstandingtoken", "pk": 53, "fields": {"user": 43, "jti": "0dfadf364671450294e4ab491356f35a", "token": "eyJ0eXAiOiJKV1QiLCJhbGciOiJIUzI1NiJ9.eyJ0b2tlbl90eXBlIjoicmVmcmVzaCIsImV4cCI6MTY0NjA3MzA3MywianRpIjoiMGRmYWRmMzY0NjcxNDUwMjk0ZTRhYjQ5MTM1NmYzNWEiLCJ1c2VyX2lkIjo0M30.UnPM-XBMLZiHuJUV2nmcDjvQyh7yxq4h_jbZITrYM74", "created_at": "2022-02-27T18:31:13.816Z", "expires_at": "2022-02-28T18:31:13Z"}}, {"model": "token_blacklist.outstandingtoken", "pk": 54, "fields": {"user": 43, "jti": "2619728d59454cc398c94939f3557383", "token": "eyJ0eXAiOiJKV1QiLCJhbGciOiJIUzI1NiJ9.eyJ0b2tlbl90eXBlIjoicmVmcmVzaCIsImV4cCI6MTY0NjA5NDg1NiwianRpIjoiMjYxOTcyOGQ1OTQ1NGNjMzk4Yzk0OTM5ZjM1NTczODMiLCJ1c2VyX2lkIjo0M30.LUQmEMjWAytCaZwmD_ksoRThSpGa_BXv_aZSAJr0zPQ", "created_at": "2022-02-28T00:34:16.133Z", "expires_at": "2022-03-01T00:34:16Z"}}, {"model": "token_blacklist.outstandingtoken", "pk": 56, "fields": {"user": 43, "jti": "d72b03c5a4ed4834b1c5638bc89ed10a", "token": "eyJ0eXAiOiJKV1QiLCJhbGciOiJIUzI1NiJ9.eyJ0b2tlbl90eXBlIjoicmVmcmVzaCIsImV4cCI6MTY0NjA5NTcxMCwianRpIjoiZDcyYjAzYzVhNGVkNDgzNGIxYzU2MzhiYzg5ZWQxMGEiLCJ1c2VyX2lkIjo0M30.tLW9FP9QgQnhq7gwr6CcODTxAhswjbY3BGQhzDlC3UE", "created_at": "2022-02-28T00:48:30.510Z", "expires_at": "2022-03-01T00:48:30Z"}}, {"model": "token_blacklist.outstandingtoken", "pk": 57, "fields": {"user": 43, "jti": "b35127cf4a124c49b3129eb422a964c4", "token": "eyJ0eXAiOiJKV1QiLCJhbGciOiJIUzI1NiJ9.eyJ0b2tlbl90eXBlIjoicmVmcmVzaCIsImV4cCI6MTY0NjE1MzM0MiwianRpIjoiYjM1MTI3Y2Y0YTEyNGM0OWIzMTI5ZWI0MjJhOTY0YzQiLCJ1c2VyX2lkIjo0M30.0tGt5o7myuSB9MJMfMGsYxNLvK2P7sulmQSM6M5o738", "created_at": "2022-02-28T16:49:02.409Z", "expires_at": "2022-03-01T16:49:02Z"}}, {"model": "token_blacklist.outstandingtoken", "pk": 59, "fields": {"user": 7, "jti": "9108f527cbfb403dbe4003ccfd1e4df8", "token": "eyJ0eXAiOiJKV1QiLCJhbGciOiJIUzI1NiJ9.eyJ0b2tlbl90eXBlIjoicmVmcmVzaCIsImV4cCI6MTY0NjE1NDE3NywianRpIjoiOTEwOGY1MjdjYmZiNDAzZGJlNDAwM2NjZmQxZTRkZjgiLCJ1c2VyX2lkIjo3fQ.iV-T0pM7kP-5uO7rLbhx582K-EdFMzbQ_Y59LEWGV4E", "created_at": "2022-02-28T17:02:57.522Z", "expires_at": "2022-03-01T17:02:57Z"}}, {"model": "token_blacklist.outstandingtoken", "pk": 60, "fields": {"user": 2, "jti": "c110a2770e2d4f2b804a1348516dbf8d", "token": "eyJ0eXAiOiJKV1QiLCJhbGciOiJIUzI1NiJ9.eyJ0b2tlbl90eXBlIjoicmVmcmVzaCIsImV4cCI6MTY0NjE1NDIxNSwianRpIjoiYzExMGEyNzcwZTJkNGYyYjgwNGExMzQ4NTE2ZGJmOGQiLCJ1c2VyX2lkIjoyfQ.OrZ0ufL99MLBsFtNPQJiA5ynoSOUfimoQMD3lITnbTE", "created_at": "2022-02-28T17:03:35.334Z", "expires_at": "2022-03-01T17:03:35Z"}}, {"model": "token_blacklist.outstandingtoken", "pk": 61, "fields": {"user": 2, "jti": "6e74ce6fb6f549de9bb137eca1d0d794", "token": "eyJ0eXAiOiJKV1QiLCJhbGciOiJIUzI1NiJ9.eyJ0b2tlbl90eXBlIjoicmVmcmVzaCIsImV4cCI6MTY0NjE2MTM1OCwianRpIjoiNmU3NGNlNmZiNmY1NDlkZTliYjEzN2VjYTFkMGQ3OTQiLCJ1c2VyX2lkIjoyfQ.GXEyEcltFMc3ukNILa4J7PWodYdJ2JTuxiD8QmbGGhg", "created_at": "2022-02-28T19:02:38.958Z", "expires_at": "2022-03-01T19:02:38Z"}}, {"model": "token_blacklist.outstandingtoken", "pk": 67, "fields": {"user": 7, "jti": "f1a8acb22ff149bfb0b3f9937cb4f553", "token": "eyJ0eXAiOiJKV1QiLCJhbGciOiJIUzI1NiJ9.eyJ0b2tlbl90eXBlIjoicmVmcmVzaCIsImV4cCI6MTY0NjE4MTk3NCwianRpIjoiZjFhOGFjYjIyZmYxNDliZmIwYjNmOTkzN2NiNGY1NTMiLCJ1c2VyX2lkIjo3fQ.OaZM97FPDq5ZKDFLji1eVaPSGQf7_HdAUtINcM-HcOQ", "created_at": "2022-03-01T00:46:14.578Z", "expires_at": "2022-03-02T00:46:14Z"}}, {"model": "token_blacklist.outstandingtoken", "pk": 68, "fields": {"user": 7, "jti": "cc4697b36fb44ff3b7464ac887bf101d", "token": "eyJ0eXAiOiJKV1QiLCJhbGciOiJIUzI1NiJ9.eyJ0b2tlbl90eXBlIjoicmVmcmVzaCIsImV4cCI6MTY0NjI0MjQzNCwianRpIjoiY2M0Njk3YjM2ZmI0NGZmM2I3NDY0YWM4ODdiZjEwMWQiLCJ1c2VyX2lkIjo3fQ.9_t-AhwdNQW_eNbCGlpNOwSSwCCBjqCRoWrPCVsBT4M", "created_at": "2022-03-01T17:33:54.402Z", "expires_at": "2022-03-02T17:33:54Z"}}, {"model": "token_blacklist.outstandingtoken", "pk": 71, "fields": {"user": 7, "jti": "3b39a9712e7e4e618cd58f70daae8a5e", "token": "eyJ0eXAiOiJKV1QiLCJhbGciOiJIUzI1NiJ9.eyJ0b2tlbl90eXBlIjoicmVmcmVzaCIsImV4cCI6MTY0NjMyMjc3MywianRpIjoiM2IzOWE5NzEyZTdlNGU2MThjZDU4ZjcwZGFhZThhNWUiLCJ1c2VyX2lkIjo3fQ.nnf2VJfqXuNH-HqO7vV_1gXRBjw22QwZ7S3cXVPfTN0", "created_at": "2022-03-02T15:52:53.033Z", "expires_at": "2022-03-03T15:52:53Z"}}, {"model": "token_blacklist.outstandingtoken", "pk": 73, "fields": {"user": 7, "jti": "72133ff1de284aafa41eb60faa97f576", "token": "eyJ0eXAiOiJKV1QiLCJhbGciOiJIUzI1NiJ9.eyJ0b2tlbl90eXBlIjoicmVmcmVzaCIsImV4cCI6MTY0NjMyNjg4NiwianRpIjoiNzIxMzNmZjFkZTI4NGFhZmE0MWViNjBmYWE5N2Y1NzYiLCJ1c2VyX2lkIjo3fQ.RI5FtCeYLFtNyGWSEDZSmF8AKCmW-FbRU6C0keZFEQg", "created_at": "2022-03-02T17:01:26.717Z", "expires_at": "2022-03-03T17:01:26Z"}}, {"model": "token_blacklist.outstandingtoken", "pk": 74, "fields": {"user": 1, "jti": "4fb614c091d5455fbbac95251ad487f2", "token": "eyJ0eXAiOiJKV1QiLCJhbGciOiJIUzI1NiJ9.eyJ0b2tlbl90eXBlIjoicmVmcmVzaCIsImV4cCI6MTY0NjQwODg0MSwianRpIjoiNGZiNjE0YzA5MWQ1NDU1ZmJiYWM5NTI1MWFkNDg3ZjIiLCJ1c2VyX2lkIjoxfQ.W8UmZqHXE_PjEWmicwyA8PaZBQegKmRExnPz3csfHNU", "created_at": "2022-03-03T15:47:21.810Z", "expires_at": "2022-03-04T15:47:21Z"}}, {"model": "token_blacklist.outstandingtoken", "pk": 75, "fields": {"user": 52, "jti": "e2068e74377646a5a69c176e9acb1fb6", "token": "eyJ0eXAiOiJKV1QiLCJhbGciOiJIUzI1NiJ9.eyJ0b2tlbl90eXBlIjoicmVmcmVzaCIsImV4cCI6MTY0NjUzMDM5NywianRpIjoiZTIwNjhlNzQzNzc2NDZhNWE2OWMxNzZlOWFjYjFmYjYiLCJ1c2VyX2lkIjo1Mn0.q4SpGOaY7PJMVAFG98w3tXcUuwIK2JEtAdgdtYagl_k", "created_at": "2022-03-05T01:33:17.115Z", "expires_at": "2022-03-06T01:33:17Z"}}, {"model": "token_blacklist.outstandingtoken", "pk": 76, "fields": {"user": 52, "jti": "4677f68ec6db4ab9bdb634f69ad123b5", "token": "eyJ0eXAiOiJKV1QiLCJhbGciOiJIUzI1NiJ9.eyJ0b2tlbl90eXBlIjoicmVmcmVzaCIsImV4cCI6MTY0NjUzMTEyOSwianRpIjoiNDY3N2Y2OGVjNmRiNGFiOWJkYjYzNGY2OWFkMTIzYjUiLCJ1c2VyX2lkIjo1Mn0.cJ69mvFX4KLp0Irs6iP-ERfXxdUpkx3Qs1p2QkacB5s", "created_at": "2022-03-05T01:45:29.310Z", "expires_at": "2022-03-06T01:45:29Z"}}, {"model": "token_blacklist.outstandingtoken", "pk": 77, "fields": {"user": 52, "jti": "42ce76932fa84d8b80ea86adcb170040", "token": "eyJ0eXAiOiJKV1QiLCJhbGciOiJIUzI1NiJ9.eyJ0b2tlbl90eXBlIjoicmVmcmVzaCIsImV4cCI6MTY0NjU3MTAwMSwianRpIjoiNDJjZTc2OTMyZmE4NGQ4YjgwZWE4NmFkY2IxNzAwNDAiLCJ1c2VyX2lkIjo1Mn0.8v_R479aF05Ol0Nfa9_ZY44H_L5r0JiFDNyrqK0DBnc", "created_at": "2022-03-05T12:50:01.133Z", "expires_at": "2022-03-06T12:50:01Z"}}, {"model": "token_blacklist.outstandingtoken", "pk": 78, "fields": {"user": 7, "jti": "1e20f59916ff4cfca0171402d60e75ba", "token": "eyJ0eXAiOiJKV1QiLCJhbGciOiJIUzI1NiJ9.eyJ0b2tlbl90eXBlIjoicmVmcmVzaCIsImV4cCI6MTY0NjU3MTE0NSwianRpIjoiMWUyMGY1OTkxNmZmNGNmY2EwMTcxNDAyZDYwZTc1YmEiLCJ1c2VyX2lkIjo3fQ.knVl7IZ9BprNesWdXIlns9dLW3QwV5FT2d9u1yvfba8", "created_at": "2022-03-05T12:52:25.750Z", "expires_at": "2022-03-06T12:52:25Z"}}, {"model": "token_blacklist.outstandingtoken", "pk": 79, "fields": {"user": 1, "jti": "8ff5210bc31f4f32952494b4b6eb0ff9", "token": "eyJ0eXAiOiJKV1QiLCJhbGciOiJIUzI1NiJ9.eyJ0b2tlbl90eXBlIjoicmVmcmVzaCIsImV4cCI6MTY0NjYyMDQ0NCwianRpIjoiOGZmNTIxMGJjMzFmNGYzMjk1MjQ5NGI0YjZlYjBmZjkiLCJ1c2VyX2lkIjoxfQ.s-WygYbLZJyYjbJfBZufqmzH_WCrnDS3SREKON9ktc4", "created_at": "2022-03-06T02:34:04.624Z", "expires_at": "2022-03-07T02:34:04Z"}}, {"model": "token_blacklist.outstandingtoken", "pk": 80, "fields": {"user": 52, "jti": "2cebd76c6e414e6496b66b0b20deb714", "token": "eyJ0eXAiOiJKV1QiLCJhbGciOiJIUzI1NiJ9.eyJ0b2tlbl90eXBlIjoicmVmcmVzaCIsImV4cCI6MTY0NjYyMDU1MywianRpIjoiMmNlYmQ3NmM2ZTQxNGU2NDk2YjY2YjBiMjBkZWI3MTQiLCJ1c2VyX2lkIjo1Mn0.Q2PZ--WwRvPpI_UTbvYsc83JWZ6HWgjbz-d1RTeBsIw", "created_at": "2022-03-06T02:35:53.226Z", "expires_at": "2022-03-07T02:35:53Z"}}, {"model": "token_blacklist.outstandingtoken", "pk": 81, "fields": {"user": 7, "jti": "54d46ba77bd44d7a9c967c387c460043", "token": "eyJ0eXAiOiJKV1QiLCJhbGciOiJIUzI1NiJ9.eyJ0b2tlbl90eXBlIjoicmVmcmVzaCIsImV4cCI6MTY0NjYyMDkzMCwianRpIjoiNTRkNDZiYTc3YmQ0NGQ3YTljOTY3YzM4N2M0NjAwNDMiLCJ1c2VyX2lkIjo3fQ.XXurhYhsgtM3ucMLkZEutdY0Bvz8qd4zaX96Ptvn4AQ", "created_at": "2022-03-06T02:42:10.181Z", "expires_at": "2022-03-07T02:42:10Z"}}, {"model": "token_blacklist.outstandingtoken", "pk": 82, "fields": {"user": 52, "jti": "3e65d4296fd04619ba4e99c21c36c29b", "token": "eyJ0eXAiOiJKV1QiLCJhbGciOiJIUzI1NiJ9.eyJ0b2tlbl90eXBlIjoicmVmcmVzaCIsImV4cCI6MTY0NjY1MDgxNCwianRpIjoiM2U2NWQ0Mjk2ZmQwNDYxOWJhNGU5OWMyMWMzNmMyOWIiLCJ1c2VyX2lkIjo1Mn0.9hpSSDWRuG306MtRQut6AKM2JYDS77DCmMb71xpqL_Q", "created_at": "2022-03-06T11:00:14.527Z", "expires_at": "2022-03-07T11:00:14Z"}}, {"model": "token_blacklist.blacklistedtoken", "pk": 1, "fields": {"token": 2, "blacklisted_at": "2022-02-21T13:48:30.412Z"}}, {"model": "account.client", "pk": 23, "fields": {"user": 42, "phonenumber": "3845345", "birthdate": "1992-02-24", "gender": 1, "is_verified": true}}, {"model": "account.client", "pk": 24, "fields": {"user": 43, "phonenumber": "3845345", "birthdate": "1992-02-24", "gender": 1, "is_verified": true}}, {"model": "account.client", "pk": 25, "fields": {"user": 44, "phonenumber": "3845345", "birthdate": "1992-02-24", "gender": 1, "is_verified": true}}, {"model": "account.client", "pk": 26, "fields": {"user": 45, "phonenumber": "3845345", "birthdate": "1992-02-24", "gender": 1, "is_verified": true}}, {"model": "account.client", "pk": 29, "fields": {"user": 48, "phonenumber": "069523123", "birthdate": "1992-10-14", "gender": 1, "is_verified": false}}, {"model": "account.client", "pk": 33, "fields": {"user": 52, "phonenumber": "068374207", "birthdate": "1992-12-24", "gender": 1, "is_verified": true}}, {"model": "account.employee", "pk": 1, "fields": {"user": 2, "phonenumber": "1235345", "profile_picture": "http://www.vijesti.me"}}, {"model": "account.employee", "pk": 2, "fields": {"user": 4, "phonenumber": "987654321", "profile_picture": "http://trueorfalse.tk"}}, {"model": "account.employee", "pk": 4, "fields": {"user": 7, "phonenumber": "3845345", "profile_picture": "profile_picture/hulk.jpg"}}, {"model": "account.psychologist", "pk": 1, "fields": {"employee": 1, "bio": "Strucnjak u oblastiMA trauma, dobio je prestizne nagrade iz te oblasti"}}, {"model": "account.psychologist", "pk": 3, "fields": {"employee": 4, "bio": "Great expert could be"}}, {"model": "scheduler.workinghours", "pk": 1, "fields": {"time": "12:00:00"}}, {"model": "scheduler.workinghours", "pk": 2, "fields": {"time": "13:00:00"}}, {"model": "scheduler.workinghours", "pk": 3, "fields": {"time": "14:00:00"}}, {"model": "scheduler.workinghours", "pk": 4, "fields": {"time": "15:00:00"}}, {"model": "scheduler.workinghours", "pk": 5, "fields": {"time": "16:00:00"}}, {"model": "scheduler.workinghours", "pk": 6, "fields": {"time": "17:00:00"}}, {"model": "scheduler.workinghours", "pk": 7, "fields": {"time": "18:00:00"}}, {"model": "scheduler.workinghours", "pk": 8, "fields": {"time": "19:00:00"}}, {"model": "scheduler.confirmationstatus", "pk": 1, "fields": {"status": "not yet"}}, {"model": "scheduler.confirmationstatus", "pk": 2, "fields": {"status": "confirmed"}}, {"model": "scheduler.confirmationstatus", "pk": 3, "fields": {"status": "denied"}}, {"model": "scheduler.therapy", "pk": 8, "fields": {"date": "2022-03-06", "workinghours": 2, "psychologist": 3, "client": 33, "confirmation": 2, "title": "Dejan Radovanovic", "start": "2022-03-06T13:00:00", "end": "2022-03-06T14:00:00"}}, {"model": "scheduler.goesto", "pk": 2, "fields": {"client": 33, "psychologist": 3}}, {"model": "scheduler.goesto", "pk": 4, "fields": {"client": 29, "psychologist": 3}}, {"model": "symptom.symptom", "pk": 1, "fields": {"name": "umor"}}, {"model": "symptom.symptom", "pk": 2, "fields": {"name": "nervoza"}}, {"model": "symptom.symptom", "pk": 3, "fields": {"name": "hiperaktivnost"}}, {"model": "symptom.symptom", "pk": 4, "fields": {"name": "promjena raspolozenja"}}, {"model": "symptom.symptom", "pk": 5, "fields": {"name": "malaksalost"}}, {"model": "symptom.feel", "pk": 1, "fields": {"client": 33, "symptom": 3}}, {"model": "symptom.feel", "pk": 2, "fields": {"client": 33, "symptom": 1}}, {"model": "symptom.feel", "pk": 3, "fields": {"client": 33, "symptom": 4}}, {"model": "symptom.feel", "pk": 4, "fields": {"client": 29, "symptom": 3}}, {"model": "symptom.feel", "pk": 5, "fields": {"client": 29, "symptom": 2}}]